date,quarter,cpi_nowcast,pce_nowcast
2013-08-20,2013:Q3,2.7632677235,2.1928578208
2013-08-21,2013:Q3,2.9002863244,2.2771066938
2013-08-22,2013:Q3,2.8862156114,2.2690062248
2013-08-23,2013:Q3,2.8818470749,2.2664911998
2013-08-26,2013:Q3,2.9576210043,2.3101104906
2013-08-27,2013:Q3,2.9151837709,2.2856864497
2013-08-28,2013:Q3,3.0817197534,2.3815340538
2013-08-29,2013:Q3,3.1201411566,2.4036400509
2013-08-30,2013:Q3,3.1297184911,2.2652841915
2013-09-03,2013:Q3,3.0189575407,2.2017638536
2013-09-04,2013:Q3,2.9080658521,2.1381468904
2013-09-05,2013:Q3,2.9080658521,2.1381468904
2013-09-06,2013:Q3,2.9080658521,2.1381468904
2013-09-09,2013:Q3,2.9080658521,2.1381468904
2013-09-10,2013:Q3,2.8881487638,2.1267184468
2013-09-11,2013:Q3,2.8881487638,2.1267184468
2013-09-12,2013:Q3,2.8881487638,2.1267184468
2013-09-13,2013:Q3,2.8881487638,2.1267184468
2013-09-16,2013:Q3,2.8881487638,2.1267184468
2013-09-17,2013:Q3,2.7550203443,2.0878499659
2013-09-18,2013:Q3,2.7550203443,2.0878499659
2013-09-19,2013:Q3,2.7550203443,2.0878499659
2013-09-20,2013:Q3,2.7550203443,2.0878499659
2013-09-23,2013:Q3,2.7550203443,2.0878499659
2013-09-24,2013:Q3,2.7125823535,2.0636750539
2013-09-25,2013:Q3,2.7125823535,2.0636750539
2013-09-26,2013:Q3,2.7125823535,2.0636750539
2013-09-27,2013:Q3,2.7125823535,2.092400511
2013-09-30,2013:Q3,2.7125823535,2.092400511
2013-10-01,2013:Q3,2.6598706298,2.0623141679
2013-10-02,2013:Q3,2.6598706298,2.0623141679
2013-10-03,2013:Q3,2.6598706298,2.0623141679
2013-10-04,2013:Q3,2.6598706298,2.0623141679
2013-10-07,2013:Q3,2.6598706298,2.0623141679
2013-10-08,2013:Q3,2.6598706298,2.0623141679
2013-10-09,2013:Q3,2.6598706298,2.0623141679
2013-10-10,2013:Q3,2.6598706298,2.0623141679
2013-10-11,2013:Q3,2.6598706298,2.0623141679
2013-10-15,2013:Q3,2.6598706298,2.0623141679
2013-10-16,2013:Q3,2.6598706298,2.0623141679
2013-10-17,2013:Q3,2.6598706298,2.0623141679
2013-10-18,2013:Q3,2.6598706298,2.0623141679
2013-10-21,2013:Q3,2.6598706298,2.0623141679
2013-10-22,2013:Q3,2.6598706298,2.0623141679
2013-10-23,2013:Q3,2.6598706298,2.0623141679
2013-10-24,2013:Q3,2.6598706298,2.0623141679
2013-10-25,2013:Q3,2.6598706298,2.0623141679
2013-10-28,2013:Q3,2.6598706298,2.0623141679
2013-10-29,2013:Q3,2.6598706298,2.0623141679
2013-10-30,2013:Q3,,2.0626767189
2013-10-31,2013:Q3,,2.0626767189
2013-11-01,2013:Q3,,2.0626767189
2013-11-04,2013:Q3,,2.0626767189
2013-11-05,2013:Q3,,2.0626767189
2013-11-06,2013:Q3,,2.0626767189
2013-11-07,2013:Q3,,
2013-10-01,2013:Q4,1.7493602179,1.3840755159
2013-10-02,2013:Q4,1.87968396,1.4646552327
2013-10-03,2013:Q4,2.1283709043,1.6067817681
2013-10-04,2013:Q4,2.1254050302,1.6050863567
2013-10-07,2013:Q4,2.2019086524,1.6487835104
2013-10-08,2013:Q4,1.646897817,1.3316097148
2013-10-09,2013:Q4,1.7058046872,1.3653318353
2013-10-10,2013:Q4,1.5553786182,1.2792053218
2013-10-11,2013:Q4,1.8005325419,1.4195466397
2013-10-15,2013:Q4,1.7100642831,1.3677700537
2013-10-16,2013:Q4,1.6714614887,1.3456723441
2013-10-17,2013:Q4,1.5841192648,1.2956640589
2013-10-18,2013:Q4,1.5162427436,1.2568067386
2013-10-21,2013:Q4,1.5497588359,1.2760031219
2013-10-22,2013:Q4,1.5164953742,1.2569519344
2013-10-23,2013:Q4,1.5643973039,1.2843871834
2013-10-24,2013:Q4,1.2655828794,1.1131746428
2013-10-25,2013:Q4,1.189237288,1.0694038339
2013-10-28,2013:Q4,1.1626964178,1.0541847332
2013-10-29,2013:Q4,1.4445575977,1.2157908385
2013-10-30,2013:Q4,1.2668901085,1.1521445738
2013-10-31,2013:Q4,1.3493749761,1.1996220109
2013-11-01,2013:Q4,1.2269161617,1.129131393
2013-11-04,2013:Q4,1.1618810455,1.0926619177
2013-11-05,2013:Q4,1.0447217019,1.0252100516
2013-11-06,2013:Q4,1.0245700596,1.0135995384
2013-11-07,2013:Q4,1.0679393003,1.0385861251
2013-11-08,2013:Q4,0.9274069181,0.743488968
2013-11-12,2013:Q4,1.1002121887,0.8425962836
2013-11-13,2013:Q4,0.9521005472,0.7576980511
2013-11-14,2013:Q4,1.0101268183,0.7909883283
2013-11-15,2013:Q4,1.0741856088,0.8277324447
2013-11-18,2013:Q4,1.0817158232,0.8320512873
2013-11-19,2013:Q4,1.0678224636,0.8240909405
2013-11-20,2013:Q4,0.8835300779,0.7317061903
2013-11-21,2013:Q4,0.9479514256,0.768651849
2013-11-22,2013:Q4,1.0538395276,0.8293623574
2013-11-25,2013:Q4,1.1104537622,0.8618135675
2013-11-26,2013:Q4,1.1016099361,0.8567013851
2013-11-27,2013:Q4,1.1400926583,0.878754494
2013-11-30,2013:Q4,1.103666049,0.8578797395
2013-12-03,2013:Q4,1.0433853541,0.8233298097
2013-12-04,2013:Q4,0.8140332611,0.6918162849
2013-12-05,2013:Q4,0.8140332611,0.6918162849
2013-12-06,2013:Q4,0.8140332611,0.6535261657
2013-12-09,2013:Q4,0.8140332611,0.6535261657
2013-12-10,2013:Q4,0.81081807,0.6516817105
2013-12-11,2013:Q4,0.81081807,0.6516817105
2013-12-12,2013:Q4,0.81081807,0.6516817105
2013-12-13,2013:Q4,0.81081807,0.6516817105
2013-12-16,2013:Q4,0.81081807,0.6516817105
2013-12-17,2013:Q4,0.7828237232,0.6651373403
2013-12-18,2013:Q4,0.7828237232,0.6651373403
2013-12-19,2013:Q4,0.7828237232,0.6651373403
2013-12-20,2013:Q4,0.7828237232,0.6651373403
2013-12-23,2013:Q4,0.7828237232,0.6008296488
2013-12-24,2013:Q4,0.7880628918,0.6038429329
2013-12-26,2013:Q4,0.7880628918,0.6038429329
2013-12-27,2013:Q4,0.7880628918,0.6038429329
2013-12-30,2013:Q4,0.7880628918,0.6038429329
2013-12-31,2013:Q4,0.8163579319,0.6201158366
2014-01-02,2013:Q4,0.8163579319,0.6201158366
2014-01-03,2013:Q4,0.8163579319,0.6201158366
2014-01-06,2013:Q4,0.8163579319,0.6201158366
2014-01-07,2013:Q4,0.8163579319,0.6201158366
2014-01-08,2013:Q4,0.8163579319,0.6201158366
2014-01-09,2013:Q4,0.8163579319,0.6201158366
2014-01-10,2013:Q4,0.8163579319,0.6201158366
2014-01-13,2013:Q4,0.8163579319,0.6201158366
2014-01-14,2013:Q4,0.8163579319,0.6201158366
2014-01-15,2013:Q4,0.8163579319,0.6201158366
2014-01-16,2013:Q4,,0.6708066471
2014-01-17,2013:Q4,,0.6708066471
2014-01-21,2013:Q4,,0.6708066471
2014-01-22,2013:Q4,,0.6708066471
2014-01-23,2013:Q4,,0.6708066471
2014-01-24,2013:Q4,,0.6708066471
2014-01-27,2013:Q4,,0.6708066471
2014-01-28,2013:Q4,,0.6708066471
2014-01-29,2013:Q4,,0.6708066471
2014-01-30,2013:Q4,,
2014-01-02,2014:Q1,1.4734288977,1.0108151771
2014-01-03,2014:Q1,1.0041532608,0.7495942048
2014-01-06,2014:Q1,0.9346324304,0.7096292481
2014-01-07,2014:Q1,1.2051581544,0.8650002275
2014-01-08,2014:Q1,1.3039953257,0.921735828
2014-01-09,2014:Q1,1.2978945498,0.9182343229
2014-01-10,2014:Q1,1.2926545201,0.9152267825
2014-01-13,2014:Q1,1.3076720325,0.9238460191
2014-01-14,2014:Q1,1.2903934536,0.9139298844
2014-01-15,2014:Q1,1.2487718584,0.8900385948
2014-01-16,2014:Q1,1.4356907768,1.0692352827
2014-01-17,2014:Q1,1.345426777,1.0170807822
2014-01-21,2014:Q1,1.436582314,1.0697503368
2014-01-22,2014:Q1,1.4610976389,1.0839237506
2014-01-23,2014:Q1,1.5697060112,1.1466565853
2014-01-24,2014:Q1,1.4702869071,1.0892323766
2014-01-27,2014:Q1,1.5145826854,1.1148197725
2014-01-28,2014:Q1,1.3429561883,1.015665338
2014-01-29,2014:Q1,1.4189780693,1.0595966166
2014-01-30,2014:Q1,1.3662252772,1.0291131487
2014-01-31,2014:Q1,1.3870929638,1.0274986324
2014-02-03,2014:Q1,1.2859275297,0.9694690979
2014-02-04,2014:Q1,0.7371263762,0.6574690535
2014-02-05,2014:Q1,0.7285075415,0.6525142141
2014-02-06,2014:Q1,0.7489369718,0.6642585692
2014-02-07,2014:Q1,0.7907737487,0.6883070914
2014-02-10,2014:Q1,0.9265389714,0.7663254661
2014-02-11,2014:Q1,0.8504655491,0.7226137022
2014-02-12,2014:Q1,0.8033565023,0.695540927
2014-02-13,2014:Q1,0.7804221186,0.6823594648
2014-02-14,2014:Q1,0.7776398383,0.6807602933
2014-02-18,2014:Q1,0.847281948,0.6327290472
2014-02-19,2014:Q1,0.9597442534,0.7086860982
2014-02-20,2014:Q1,1.287315697,0.9861420476
2014-02-21,2014:Q1,1.2266926684,0.945309324
2014-02-24,2014:Q1,1.2031898938,0.9294773973
2014-02-25,2014:Q1,1.3292107068,1.0143687984
2014-02-26,2014:Q1,1.2858624707,0.9851789322
2014-02-27,2014:Q1,1.2989276374,0.9939770836
2014-02-28,2014:Q1,1.2750962985,0.977928728
2014-03-03,2014:Q1,1.2938242497,0.9362610743
2014-03-04,2014:Q1,1.4456845104,1.0370158936
2014-03-05,2014:Q1,1.4456845104,1.0370158936
2014-03-06,2014:Q1,1.4456845104,1.0370158936
2014-03-07,2014:Q1,1.4456845104,1.0370158936
2014-03-10,2014:Q1,1.4456845104,1.0370158936
2014-03-11,2014:Q1,1.4751899689,1.0565875132
2014-03-12,2014:Q1,1.4751899689,1.0565875132
2014-03-13,2014:Q1,1.4751899689,1.0565875132
2014-03-14,2014:Q1,1.4751899689,1.0565875132
2014-03-17,2014:Q1,1.4751899689,1.0565875132
2014-03-18,2014:Q1,1.6867580464,1.225853151
2014-03-19,2014:Q1,1.6867580464,1.225853151
2014-03-20,2014:Q1,1.6867580464,1.225853151
2014-03-21,2014:Q1,1.6867580464,1.225853151
2014-03-24,2014:Q1,1.6867580464,1.225853151
2014-03-25,2014:Q1,1.7046806829,1.2376848307
2014-03-26,2014:Q1,1.7046806829,1.2376848307
2014-03-27,2014:Q1,1.7046806829,1.2376848307
2014-03-28,2014:Q1,1.7046806829,1.2418265322
2014-03-31,2014:Q1,1.7046806829,1.2418265322
2014-04-01,2014:Q1,1.726777666,1.256399524
2014-04-02,2014:Q1,1.726777666,1.256399524
2014-04-03,2014:Q1,1.726777666,1.256399524
2014-04-04,2014:Q1,1.726777666,1.256399524
2014-04-07,2014:Q1,1.726777666,1.256399524
2014-04-08,2014:Q1,1.726777666,1.256399524
2014-04-09,2014:Q1,1.726777666,1.256399524
2014-04-10,2014:Q1,1.726777666,1.256399524
2014-04-11,2014:Q1,1.726777666,1.256399524
2014-04-14,2014:Q1,1.726777666,1.256399524
2014-04-15,2014:Q1,,1.3885215643
2014-04-16,2014:Q1,,1.3885215643
2014-04-17,2014:Q1,,1.3885215643
2014-04-18,2014:Q1,,1.3885215643
2014-04-21,2014:Q1,,1.3885215643
2014-04-22,2014:Q1,,1.3885215643
2014-04-23,2014:Q1,,1.3885215643
2014-04-24,2014:Q1,,1.3885215643
2014-04-25,2014:Q1,,1.3885215643
2014-04-28,2014:Q1,,1.3885215643
2014-04-29,2014:Q1,,1.3885215643
2014-04-30,2014:Q1,,
2014-04-01,2014:Q2,0.7959772251,0.6919629224
2014-04-02,2014:Q2,0.388592161,0.4080678325
2014-04-03,2014:Q2,0.3414187943,0.3768093072
2014-04-04,2014:Q2,0.5328805001,0.5036615023
2014-04-07,2014:Q2,0.6064971606,0.5524086825
2014-04-08,2014:Q2,1.148457333,0.9110104904
2014-04-09,2014:Q2,1.1408296905,0.9059688313
2014-04-10,2014:Q2,1.3396437917,1.0373467975
2014-04-11,2014:Q2,1.2918277245,1.0057557442
2014-04-14,2014:Q2,1.2779073356,0.9965581045
2014-04-15,2014:Q2,1.9759934183,1.4912166831
2014-04-16,2014:Q2,2.017200694,1.5182550751
2014-04-17,2014:Q2,2.0373295008,1.5314616545
2014-04-18,2014:Q2,2.0124051918,1.5151086276
2014-04-21,2014:Q2,2.0124051918,1.5151086276
2014-04-22,2014:Q2,2.1230216171,1.5877107723
2014-04-23,2014:Q2,2.024831661,1.5233014142
2014-04-24,2014:Q2,2.0353754254,1.5302185623
2014-04-25,2014:Q2,2.1345778204,1.595290178
2014-04-28,2014:Q2,2.0870738937,1.5641321641
2014-04-29,2014:Q2,2.0760122588,1.5569194452
2014-04-30,2014:Q2,2.15027104,1.6056220963
2014-05-01,2014:Q2,2.0994954084,1.6790380109
2014-05-02,2014:Q2,2.1462028703,1.6993113789
2014-05-05,2014:Q2,2.2051277874,1.7379377373
2014-05-06,2014:Q2,2.3802440709,1.8526853824
2014-05-07,2014:Q2,2.3743057427,1.8487952145
2014-05-08,2014:Q2,2.3970329871,1.8636834012
2014-05-09,2014:Q2,2.3902508945,1.8592406696
2014-05-12,2014:Q2,2.370976263,1.8466140644
2014-05-13,2014:Q2,2.3642679658,1.8422175736
2014-05-14,2014:Q2,2.380369743,1.8527662541
2014-05-15,2014:Q2,2.47122844,1.9441672223
2014-05-16,2014:Q2,2.4619225478,1.9381255112
2014-05-19,2014:Q2,2.4994282616,1.9624746612
2014-05-20,2014:Q2,2.4759692049,1.9472454822
2014-05-21,2014:Q2,2.4776204805,1.9483175373
2014-05-22,2014:Q2,2.5017669184,1.9639935779
2014-05-23,2014:Q2,2.4687068635,1.9425305101
2014-05-27,2014:Q2,2.4483740937,1.9293292846
2014-05-28,2014:Q2,2.4325374832,1.9190467562
2014-05-29,2014:Q2,2.4074665525,1.9027676432
2014-05-30,2014:Q2,2.4292183345,1.9531253154
2014-06-02,2014:Q2,2.4116182236,1.941613991
2014-06-03,2014:Q2,2.5419333653,2.0268343456
2014-06-04,2014:Q2,2.5419333653,2.0268343456
2014-06-05,2014:Q2,2.5419333653,2.0268343456
2014-06-06,2014:Q2,2.5419333653,2.0268343456
2014-06-09,2014:Q2,2.5419333653,2.0268343456
2014-06-10,2014:Q2,2.5276997778,2.0175275627
2014-06-11,2014:Q2,2.5276997778,2.0175275627
2014-06-12,2014:Q2,2.5276997778,2.0175275627
2014-06-13,2014:Q2,2.5276997778,2.0175275627
2014-06-16,2014:Q2,2.5276997778,2.0175275627
2014-06-17,2014:Q2,3.1112824972,2.3827653497
2014-06-18,2014:Q2,3.1112824972,2.3827653497
2014-06-19,2014:Q2,3.1112824972,2.3827653497
2014-06-20,2014:Q2,3.1112824972,2.3827653497
2014-06-23,2014:Q2,3.1112824972,2.3827653497
2014-06-24,2014:Q2,3.1204644849,2.3887367424
2014-06-25,2014:Q2,3.1204644849,2.3887367424
2014-06-26,2014:Q2,3.120464,2.3409
2014-06-27,2014:Q2,3.1204644849,2.3409002686
2014-06-30,2014:Q2,3.1204644849,2.3409002686
2014-07-01,2014:Q2,3.1259739719,2.344487141
2014-07-02,2014:Q2,3.1259739719,2.344487141
2014-07-03,2014:Q2,3.1259739719,2.344487141
2014-07-07,2014:Q2,3.1259739719,2.344487141
2014-07-08,2014:Q2,3.1259739719,2.344487141
2014-07-09,2014:Q2,3.1259739719,2.344487141
2014-07-10,2014:Q2,3.1259739719,2.344487141
2014-07-11,2014:Q2,3.1259739719,2.344487141
2014-07-14,2014:Q2,3.1259739719,2.344487141
2014-07-15,2014:Q2,3.1259739719,2.344487141
2014-07-16,2014:Q2,3.1259739719,2.344487141
2014-07-17,2014:Q2,3.1259739719,2.344487141
2014-07-18,2014:Q2,3.1259739719,2.344487141
2014-07-21,2014:Q2,3.1259739719,2.344487141
2014-07-22,2014:Q2,,2.2736191385
2014-07-23,2014:Q2,,2.2736191385
2014-07-24,2014:Q2,,2.2736191385
2014-07-25,2014:Q2,,2.2736191385
2014-07-28,2014:Q2,,2.2736191385
2014-07-29,2014:Q2,,2.2736191385
2014-07-30,2014:Q2,,
2014-07-01,2014:Q3,2.6522865996,1.9740580351
2014-07-02,2014:Q3,2.477740728,1.8626618835
2014-07-03,2014:Q3,2.3562879492,1.7834289914
2014-07-07,2014:Q3,2.248240485,1.7129150959
2014-07-08,2014:Q3,2.6011485026,1.9432009105
2014-07-09,2014:Q3,2.479408355,1.8638364495
2014-07-10,2014:Q3,2.4471767032,1.8428198625
2014-07-11,2014:Q3,2.4553995262,1.8481817069
2014-07-14,2014:Q3,2.3713390571,1.7933630804
2014-07-15,2014:Q3,2.2850232738,1.7370052125
2014-07-16,2014:Q3,2.1261371765,1.6333250058
2014-07-17,2014:Q3,2.3084338857,1.7522780231
2014-07-18,2014:Q3,2.4248615551,1.828220177
2014-07-21,2014:Q3,2.448096923,1.8433731171
2014-07-22,2014:Q3,2.1511520584,1.5943040663
2014-07-23,2014:Q3,2.1555562905,1.5972413317
2014-07-24,2014:Q3,2.2156173597,1.6372939489
2014-07-25,2014:Q3,2.0983994308,1.5591198194
2014-07-28,2014:Q3,2.2679057331,1.6721583129
2014-07-29,2014:Q3,2.1213158401,1.5743731647
2014-07-30,2014:Q3,2.1293232065,1.5797143028
2014-07-31,2014:Q3,1.9929335524,1.4887238991
2014-08-01,2014:Q3,1.935426868,1.6446833271
2014-08-04,2014:Q3,1.935426868,1.6446833271
2014-08-05,2014:Q3,1.997750049,1.6797016682
2014-08-06,2014:Q3,1.9725789501,1.6652054691
2014-08-07,2014:Q3,2.0056226274,1.6842353044
2014-08-08,2014:Q3,2.0122222638,1.6880357975
2014-08-11,2014:Q3,2.0166715345,1.6905979283
2014-08-12,2014:Q3,1.9759225248,1.6671372526
2014-08-13,2014:Q3,1.9759225248,1.6671372526
2014-08-14,2014:Q3,1.9745486443,1.6663459727
2014-08-15,2014:Q3,1.8490361875,1.5940434135
2014-08-18,2014:Q3,1.8490361875,1.5940434135
2014-08-19,2014:Q3,1.6501862586,1.4692345796
2014-08-20,2014:Q3,1.661008,1.475461
2014-08-21,2014:Q3,1.6864060754,1.4900749004
2014-08-22,2014:Q3,1.7208448922,1.5098882745
2014-08-25,2014:Q3,1.691021,1.49273
2014-08-26,2014:Q3,1.6767041526,1.484502745
2014-08-27,2014:Q3,1.6635281457,1.4769210575
2014-08-28,2014:Q3,1.667148,1.479004
2014-08-29,2014:Q3,1.6800228226,1.4676141758
2014-09-02,2014:Q3,1.7277348532,1.4951019022
2014-09-03,2014:Q3,1.7835169994,1.5272337808
2014-09-04,2014:Q3,1.7835169994,1.5272337808
2014-09-05,2014:Q3,1.7835169994,1.5272337808
2014-09-08,2014:Q3,1.783517,1.527234
2014-09-09,2014:Q3,1.7816626147,1.5261656997
2014-09-10,2014:Q3,1.781663,1.526166
2014-09-11,2014:Q3,1.7816626147,1.5261656997
2014-09-12,2014:Q3,1.781663,1.526166
2014-09-15,2014:Q3,1.7816626147,1.5261656997
2014-09-16,2014:Q3,1.781663,1.526166
2014-09-17,2014:Q3,1.2214483809,1.1746380405
2014-09-18,2014:Q3,1.221448,1.174638
2014-09-19,2014:Q3,1.221448,1.174638
2014-09-22,2014:Q3,1.221448,1.174638
2014-09-23,2014:Q3,1.1806569153,1.1509723933
2014-09-24,2014:Q3,1.1806569153,1.1509723933
2014-09-25,2014:Q3,1.1806569153,1.1509723933
2014-09-26,2014:Q3,1.1806569153,1.1509723933
2014-09-29,2014:Q3,1.1806569153,1.3268194346
2014-09-30,2014:Q3,1.1569436862,1.3130656448
2014-10-01,2014:Q3,1.156944,1.313066
2014-10-02,2014:Q3,1.156944,1.313066
2014-10-03,2014:Q3,1.156944,1.313066
2014-10-06,2014:Q3,1.1569436862,1.3130656448
2014-10-07,2014:Q3,1.1569436862,1.3130656448
2014-10-08,2014:Q3,1.1569436862,1.3130656448
2014-10-09,2014:Q3,1.1569436862,1.3130656448
2014-10-10,2014:Q3,1.1569436862,1.3130656448
2014-10-14,2014:Q3,1.1569436862,1.3130656448
2014-10-15,2014:Q3,1.1569436862,1.3130656448
2014-10-16,2014:Q3,1.1569436862,1.3130656448
2014-10-17,2014:Q3,1.1569436862,1.3130656448
2014-10-20,2014:Q3,1.1569436862,1.3130656448
2014-10-21,2014:Q3,1.1569436862,1.3130656448
2014-10-22,2014:Q3,,1.2703121549
2014-10-23,2014:Q3,,1.270312
2014-10-24,2014:Q3,,1.270312
2014-10-27,2014:Q3,,1.2703121549
2014-10-28,2014:Q3,,1.2703121549
2014-10-29,2014:Q3,,1.2703121549
2014-10-30,2014:Q3,,
2014-10-01,2014:Q4,1.263419,1.252549
2014-10-02,2014:Q4,1.170843,1.195716
2014-10-03,2014:Q4,1.119537,1.165712
2014-10-06,2014:Q4,0.9713589289,1.0790224542
2014-10-07,2014:Q4,1.398251901,1.3286374683
2014-10-08,2014:Q4,1.3618328148,1.3073590108
2014-10-09,2014:Q4,1.314182869,1.2795150013
2014-10-10,2014:Q4,1.2109376465,1.2191696277
2014-10-14,2014:Q4,1.2346108787,1.2330080564
2014-10-15,2014:Q4,0.5500361446,0.8322985572
2014-10-16,2014:Q4,0.5762075794,0.8476335184
2014-10-17,2014:Q4,0.5762075794,0.8476335184
2014-10-20,2014:Q4,0.7861718657,0.9706138535
2014-10-21,2014:Q4,0.4555170348,0.7768609703
2014-10-22,2014:Q4,0.5077280391,0.7961994301
2014-10-23,2014:Q4,0.552958,0.822585
2014-10-24,2014:Q4,0.59262,0.845719
2014-10-27,2014:Q4,0.5406299287,0.8153936074
2014-10-28,2014:Q4,0.2885024638,0.6682757463
2014-10-29,2014:Q4,0.3319575246,0.6936492258
2014-10-30,2014:Q4,0.4222254816,0.7463453932
2014-10-31,2014:Q4,0.3084504738,0.6452037111
2014-11-03,2014:Q4,0.30845,0.645204
2014-11-04,2014:Q4,0.095652437,0.521459674
2014-11-05,2014:Q4,0.042308,0.490157
2014-11-06,2014:Q4,0.067415,0.504891
2014-11-07,2014:Q4,0.061076,0.501171
2014-11-10,2014:Q4,0.085125,0.515283
2014-11-12,2014:Q4,-0.0755747389,0.4209962694
2014-11-13,2014:Q4,-0.111723,0.39977
2014-11-14,2014:Q4,-0.299214,0.289638
2014-11-17,2014:Q4,-0.147926,0.37851
2014-11-18,2014:Q4,-0.232979,0.328585
2014-11-19,2014:Q4,-0.309639,0.283539
2014-11-20,2014:Q4,-0.253962,0.268426
2014-11-21,2014:Q4,-0.167983,0.319834
2014-11-24,2014:Q4,-0.109526,0.354778
2014-11-25,2014:Q4,-0.109526,0.354778
2014-11-26,2014:Q4,-0.310568,0.353978
2014-11-28,2014:Q4,-0.563213,0.203661
2014-12-01,2014:Q4,-0.690474,0.127899
2014-12-02,2014:Q4,-0.409031,0.295409
2014-12-03,2014:Q4,-0.409031,0.295409
2014-12-04,2014:Q4,-0.409031,0.295409
2014-12-05,2014:Q4,-0.409031,0.295409
2014-12-08,2014:Q4,-0.409031,0.295409
2014-12-09,2014:Q4,-0.514639,0.23257
2014-12-10,2014:Q4,-0.514639,0.23257
2014-12-11,2014:Q4,-0.514639,0.23257
2014-12-12,2014:Q4,-0.514639,0.23257
2014-12-15,2014:Q4,-0.514639,0.23257
2014-12-16,2014:Q4,-0.639735,0.158109
2014-12-17,2014:Q4,-0.954245,-0.062121
2014-12-18,2014:Q4,-0.954245,-0.062121
2014-12-19,2014:Q4,-0.954245,-0.062121
2014-12-22,2014:Q4,-0.954245,-0.062121
2014-12-23,2014:Q4,-1.097861,-0.3274
2014-12-24,2014:Q4,-1.097861,-0.3274
2014-12-26,2014:Q4,-1.097861,-0.3274
2014-12-29,2014:Q4,-1.097861,-0.3274
2014-12-30,2014:Q4,-1.2295,-0.405821
2014-12-31,2014:Q4,-1.2295,-0.405821
2015-01-02,2014:Q4,-1.2295,-0.405821
2015-01-05,2014:Q4,-1.2295,-0.405821
2015-01-06,2014:Q4,-1.2295,-0.405821
2015-01-07,2014:Q4,-1.2295,-0.405821
2015-01-08,2014:Q4,-1.2295,-0.405821
2015-01-09,2014:Q4,-1.2295,-0.405821
2015-01-12,2014:Q4,-1.2295,-0.405821
2015-01-13,2014:Q4,-1.2295,-0.405821
2015-01-14,2014:Q4,-1.2295,-0.405821
2015-01-15,2014:Q4,-1.2295,-0.405821
2015-01-16,2014:Q4,,-0.412502
2015-01-20,2014:Q4,,-0.412502
2015-01-21,2014:Q4,,-0.412502
2015-01-22,2014:Q4,,-0.412502
2015-01-23,2014:Q4,,-0.412502
2015-01-26,2014:Q4,,-0.412502
2015-01-27,2014:Q4,,-0.412502
2015-01-28,2014:Q4,,-0.412502
2015-01-29,2014:Q4,,-0.412502
2015-01-30,2014:Q4,,
2015-01-02,2015:Q1,-2.504906,-1.14859
2015-01-05,2015:Q1,-2.504906,-1.14859
2015-01-06,2015:Q1,-3.8844,-1.979174
2015-01-07,2015:Q1,-3.905764,-1.992049
2015-01-08,2015:Q1,-3.96447,-2.027431
2015-01-09,2015:Q1,-3.878214,-1.975446
2015-01-12,2015:Q1,-4.123881,-2.123545
2015-01-13,2015:Q1,-4.412986,-2.29765
2015-01-14,2015:Q1,-4.582631,-2.400117
2015-01-15,2015:Q1,-4.447792,-2.318668
2015-01-16,2015:Q1,-3.912146,-2.051759
2015-01-20,2015:Q1,-4.010792,-2.110955
2015-01-21,2015:Q1,-4.240435,-2.248482
2015-01-22,2015:Q1,-4.221637,-2.237188
2015-01-23,2015:Q1,-4.259826,-2.260132
2015-01-26,2015:Q1,-4.172256,-2.207524
2015-01-27,2015:Q1,-4.383733,-2.334331
2015-01-28,2015:Q1,-4.312455,-2.291484
2015-01-29,2015:Q1,-4.239903,-2.247882
2015-01-30,2015:Q1,-4.290304,-2.278171
2015-02-02,2015:Q1,-4.171615,-2.341048
2015-02-03,2015:Q1,-4.449145,-2.512878
2015-02-04,2015:Q1,-4.344019,-2.448291
2015-02-05,2015:Q1,-4.333725,-2.441968
2015-02-06,2015:Q1,-4.302459,-2.422764
2015-02-09,2015:Q1,-4.323746,-2.435839
2015-02-10,2015:Q1,-3.991518,-2.231999
2015-02-11,2015:Q1,-4.071249,-2.280903
2015-02-12,2015:Q1,-4.204005,-2.362358
2015-02-13,2015:Q1,-4.041356,-2.262566
2015-02-17,2015:Q1,-3.741337,-2.078625
2015-02-18,2015:Q1,-3.594332,-1.988608
2015-02-19,2015:Q1,-3.614959,-2.001238
2015-02-20,2015:Q1,-3.573782,-1.995288
2015-02-23,2015:Q1,-3.452509,-1.921333
2015-02-24,2015:Q1,-3.356316,-1.862651
2015-02-25,2015:Q1,-3.331348,-1.847438
2015-02-26,2015:Q1,-3.340576,-1.942921
2015-02-27,2015:Q1,-3.253573,-1.888572
2015-03-02,2015:Q1,-3.232814,-2.085566
2015-03-03,2015:Q1,-2.881569,-1.874975
2015-03-04,2015:Q1,-2.881569,-1.874975
2015-03-05,2015:Q1,-2.881569,-1.874975
2015-03-06,2015:Q1,-2.881569,-1.874975
2015-03-09,2015:Q1,-2.881569,-1.874975
2015-03-10,2015:Q1,-2.863461,-1.864124
2015-03-11,2015:Q1,-2.863461,-1.864124
2015-03-12,2015:Q1,-2.863461,-1.864124
2015-03-13,2015:Q1,-2.863461,-1.864124
2015-03-16,2015:Q1,-2.863461,-1.864124
2015-03-17,2015:Q1,-2.88588,-1.877558
2015-03-18,2015:Q1,-2.88588,-1.877558
2015-03-19,2015:Q1,-2.88588,-1.877558
2015-03-20,2015:Q1,-2.88588,-1.877558
2015-03-23,2015:Q1,-2.88588,-1.877558
2015-03-24,2015:Q1,-2.903656,-1.859048
2015-03-25,2015:Q1,-2.903656,-1.859048
2015-03-26,2015:Q1,-2.903656,-1.859048
2015-03-27,2015:Q1,-2.903656,-1.859048
2015-03-30,2015:Q1,-2.903656,-1.775713
2015-03-31,2015:Q1,-2.913414,-1.781769
2015-04-01,2015:Q1,-2.913414,-1.781769
2015-04-02,2015:Q1,-2.913414,-1.781769
2015-04-03,2015:Q1,-2.913414,-1.781769
2015-04-06,2015:Q1,-2.913414,-1.781769
2015-04-07,2015:Q1,-2.913414,-1.781769
2015-04-08,2015:Q1,-2.913414,-1.781769
2015-04-09,2015:Q1,-2.913414,-1.781769
2015-04-10,2015:Q1,-2.913414,-1.781769
2015-04-13,2015:Q1,-2.913414,-1.781769
2015-04-14,2015:Q1,-2.913414,-1.781769
2015-04-15,2015:Q1,-2.913414,-1.781769
2015-04-16,2015:Q1,-2.913414,-1.781769
2015-04-17,2015:Q1,,-1.859885
2015-04-20,2015:Q1,,-1.859885
2015-04-21,2015:Q1,,-1.859885
2015-04-22,2015:Q1,,-1.859885
2015-04-23,2015:Q1,,-1.859885
2015-04-24,2015:Q1,,-1.859885
2015-04-27,2015:Q1,,-1.859885
2015-04-28,2015:Q1,,-1.859885
2015-04-29,2015:Q1,,
2015-04-01,2015:Q2,0.64675,0.730668
2015-04-02,2015:Q2,1.230678,1.088019
2015-04-03,2015:Q2,1.230678,1.088019
2015-04-06,2015:Q2,1.280968,1.118818
2015-04-07,2015:Q2,1.280968,1.118818
2015-04-08,2015:Q2,1.4076,1.196364
2015-04-09,2015:Q2,1.322653,1.144348
2015-04-10,2015:Q2,1.281513,1.119152
2015-04-13,2015:Q2,1.361412,1.168084
2015-04-14,2015:Q2,1.373261,1.175346
2015-04-15,2015:Q2,1.42333,1.206002
2015-04-16,2015:Q2,1.584266,1.30451
2015-04-17,2015:Q2,1.346648,1.191901
2015-04-20,2015:Q2,1.448081,1.253099
2015-04-21,2015:Q2,1.54448,1.311152
2015-04-22,2015:Q2,1.414955,1.233037
2015-04-23,2015:Q2,1.403202,1.225947
2015-04-24,2015:Q2,1.65354,1.3769
2015-04-27,2015:Q2,1.664358,1.38342
2015-04-28,2015:Q2,1.829278,1.482695
2015-04-29,2015:Q2,1.787151,1.457319
2015-04-30,2015:Q2,1.912447,1.477646
2015-05-01,2015:Q2,1.887798,1.463034
2015-05-04,2015:Q2,2.13957,1.612845
2015-05-05,2015:Q2,2.609618,1.891043
2015-05-06,2015:Q2,2.635979,1.906609
2015-05-07,2015:Q2,2.659874,1.920718
2015-05-08,2015:Q2,2.599737,1.885208
2015-05-11,2015:Q2,2.554368,1.858414
2015-05-12,2015:Q2,2.573584,1.869824
2015-05-13,2015:Q2,2.678519,1.931782
2015-05-14,2015:Q2,2.730499,1.962466
2015-05-15,2015:Q2,2.692351,1.939947
2015-05-18,2015:Q2,2.650932,1.915495
2015-05-19,2015:Q2,2.760955,1.980536
2015-05-20,2015:Q2,2.686525,1.936609
2015-05-21,2015:Q2,2.691605,1.939607
2015-05-22,2015:Q2,2.907724,2.074862
2015-05-26,2015:Q2,2.899676,2.070091
2015-05-27,2015:Q2,2.848427,2.039803
2015-05-28,2015:Q2,2.840669,2.035203
2015-05-29,2015:Q2,2.790997,2.00575
2015-06-01,2015:Q2,2.934027,1.722999
2015-06-02,2015:Q2,3.22417,1.889918
2015-06-03,2015:Q2,3.22417,1.889918
2015-06-04,2015:Q2,3.22417,1.889918
2015-06-05,2015:Q2,3.22417,1.889918
2015-06-08,2015:Q2,3.22417,1.889918
2015-06-09,2015:Q2,3.22417,1.889918
2015-06-10,2015:Q2,3.22417,1.889918
2015-06-11,2015:Q2,3.22417,1.889918
2015-06-12,2015:Q2,3.22417,1.889918
2015-06-15,2015:Q2,3.22417,1.889918
2015-06-16,2015:Q2,3.263495,1.91253
2015-06-17,2015:Q2,3.263495,1.91253
2015-06-18,2015:Q2,2.927307,1.877543
2015-06-19,2015:Q2,2.927307,1.877543
2015-06-22,2015:Q2,2.927307,1.877543
2015-06-23,2015:Q2,2.934313,1.881762
2015-06-24,2015:Q2,2.934313,1.881762
2015-06-25,2015:Q2,2.934313,1.973929
2015-06-26,2015:Q2,2.934313,1.973929
2015-06-29,2015:Q2,2.934313,1.973929
2015-06-30,2015:Q2,2.934416,1.973988
2015-07-01,2015:Q2,2.934416,1.973988
2015-07-02,2015:Q2,2.934416,1.973988
2015-07-03,2015:Q2,2.934416,1.973988
2015-07-06,2015:Q2,2.934416,1.973988
2015-07-07,2015:Q2,2.934416,1.973988
2015-07-08,2015:Q2,2.934416,1.973988
2015-07-09,2015:Q2,2.934416,1.973988
2015-07-10,2015:Q2,2.934416,1.973988
2015-07-13,2015:Q2,2.934416,1.973988
2015-07-14,2015:Q2,2.934416,1.973988
2015-07-15,2015:Q2,2.934416,1.973988
2015-07-16,2015:Q2,2.934416,1.973988
2015-07-17,2015:Q2,,2.049497
2015-07-20,2015:Q2,,2.049497
2015-07-21,2015:Q2,,2.049497
2015-07-22,2015:Q2,,2.049497
2015-07-23,2015:Q2,,2.049497
2015-07-24,2015:Q2,,2.049497
2015-07-27,2015:Q2,,2.049497
2015-07-28,2015:Q2,,2.049497
2015-07-29,2015:Q2,,2.049497
2015-07-30,2015:Q2,,2.049497
2015-07-31,2015:Q2,,
2015-07-01,2015:Q3,1.502065,1.060151
2015-07-02,2015:Q3,1.816059,1.251289
2015-07-03,2015:Q3,1.816059,1.251289
2015-07-06,2015:Q3,1.532559,1.086471
2015-07-07,2015:Q3,1.982676,1.348149
2015-07-08,2015:Q3,1.856566,1.274924
2015-07-09,2015:Q3,1.925262,1.314816
2015-07-10,2015:Q3,2.10851,1.421184
2015-07-13,2015:Q3,2.104112,1.418632
2015-07-14,2015:Q3,2.219931,1.485875
2015-07-15,2015:Q3,2.190831,1.468995
2015-07-16,2015:Q3,2.206917,1.478326
2015-07-17,2015:Q3,2.321393,1.667217
2015-07-20,2015:Q3,2.253254,1.626926
2015-07-21,2015:Q3,2.244062,1.62148
2015-07-22,2015:Q3,2.212819,1.603003
2015-07-23,2015:Q3,2.252681,1.626578
2015-07-24,2015:Q3,2.210579,1.601678
2015-07-27,2015:Q3,2.102057,1.53748
2015-07-28,2015:Q3,2.009075,1.482412
2015-07-29,2015:Q3,2.037762,1.49939
2015-07-30,2015:Q3,1.982203,1.466506
2015-07-31,2015:Q3,1.98083,1.465693
2015-08-03,2015:Q3,1.864128,1.416658
2015-08-04,2015:Q3,2.247314,1.644623
2015-08-05,2015:Q3,2.261619,1.653148
2015-08-06,2015:Q3,2.24295,1.642022
2015-08-07,2015:Q3,2.241107,1.640924
2015-08-10,2015:Q3,2.207066,1.620635
2015-08-11,2015:Q3,2.159061,1.592038
2015-08-12,2015:Q3,2.128832,1.574014
2015-08-13,2015:Q3,2.15999,1.592592
2015-08-14,2015:Q3,2.136178,1.578394
2015-08-17,2015:Q3,2.103863,1.559125
2015-08-18,2015:Q3,2.168927,1.597906
2015-08-19,2015:Q3,2.006932,1.565709
2015-08-20,2015:Q3,1.948594,1.531093
2015-08-21,2015:Q3,1.930366,1.520276
2015-08-24,2015:Q3,1.902775,1.503902
2015-08-25,2015:Q3,1.765939,1.422673
2015-08-26,2015:Q3,1.815549,1.452129
2015-08-27,2015:Q3,1.830915,1.46125
2015-08-28,2015:Q3,1.976911,1.420559
2015-08-31,2015:Q3,2.068851,1.473619
2015-09-01,2015:Q3,2.076853,1.478402
2015-09-02,2015:Q3,1.899979,1.373663
2015-09-03,2015:Q3,1.935653,1.394792
2015-09-04,2015:Q3,1.950321,1.403479
2015-09-08,2015:Q3,1.936842,1.395496
2015-09-09,2015:Q3,1.63521,1.216772
2015-09-10,2015:Q3,1.63521,1.216772
2015-09-11,2015:Q3,1.63521,1.216772
2015-09-14,2015:Q3,1.63521,1.216772
2015-09-15,2015:Q3,1.572599,1.179653
2015-09-16,2015:Q3,1.582468,1.188431
2015-09-17,2015:Q3,1.582468,1.188431
2015-09-18,2015:Q3,1.582468,1.188431
2015-09-21,2015:Q3,1.582468,1.188431
2015-09-22,2015:Q3,1.530367,1.157523
2015-09-23,2015:Q3,1.530367,1.157523
2015-09-24,2015:Q3,1.530367,1.157523
2015-09-25,2015:Q3,1.530367,1.157523
2015-09-28,2015:Q3,1.530367,1.252996
2015-09-29,2015:Q3,1.500749,1.235478
2015-09-30,2015:Q3,1.500749,1.235478
2015-10-01,2015:Q3,1.500749,1.235478
2015-10-02,2015:Q3,1.500749,1.235478
2015-10-05,2015:Q3,1.500749,1.235478
2015-10-06,2015:Q3,1.500749,1.235478
2015-10-07,2015:Q3,1.500749,1.235478
2015-10-08,2015:Q3,1.500749,1.235478
2015-10-09,2015:Q3,1.500749,1.235478
2015-10-12,2015:Q3,1.500749,1.235478
2015-10-13,2015:Q3,1.500749,1.235478
2015-10-14,2015:Q3,1.500749,1.235478
2015-10-15,2015:Q3,,1.273843
2015-10-16,2015:Q3,,1.273843
2015-10-19,2015:Q3,,1.273843
2015-10-20,2015:Q3,,1.273843
2015-10-21,2015:Q3,,1.273843
2015-10-22,2015:Q3,,1.273843
2015-10-23,2015:Q3,,1.273843
2015-10-26,2015:Q3,,1.273843
2015-10-27,2015:Q3,,1.273843
2015-10-28,2015:Q3,,1.273843
2015-10-29,2015:Q3,,1.273843
2015-10-30,2015:Q3,,
2015-10-01,2015:Q4,0.490464,0.538038
2015-10-02,2015:Q4,0.803287,0.725699
2015-10-05,2015:Q4,0.80881,0.728974
2015-10-06,2015:Q4,0.73055,0.682516
2015-10-07,2015:Q4,0.928415,0.799822
2015-10-08,2015:Q4,0.865472,0.762513
2015-10-09,2015:Q4,0.96521,0.821628
2015-10-12,2015:Q4,0.8735,0.767272
2015-10-13,2015:Q4,0.68003,0.652553
2015-10-14,2015:Q4,0.68366,0.65472
2015-10-15,2015:Q4,0.915576,0.785379
2015-10-16,2015:Q4,0.979594,0.823923
2015-10-19,2015:Q4,0.994189,0.832709
2015-10-20,2015:Q4,0.768379,0.696692
2015-10-21,2015:Q4,0.738652,0.678781
2015-10-22,2015:Q4,0.689612,0.649231
2015-10-23,2015:Q4,0.727756,0.672216
2015-10-26,2015:Q4,0.731192,0.674286
2015-10-27,2015:Q4,0.55893,0.570426
2015-10-28,2015:Q4,0.527911,0.551723
2015-10-29,2015:Q4,0.716577,0.665454
2015-10-30,2015:Q4,0.679786,0.603138
2015-11-02,2015:Q4,0.760365,0.641229
2015-11-03,2015:Q4,0.659828,0.581713
2015-11-04,2015:Q4,0.705159,0.608635
2015-11-05,2015:Q4,0.648501,0.574985
2015-11-06,2015:Q4,0.621157,0.558743
2015-11-09,2015:Q4,0.612473,0.553585
2015-11-10,2015:Q4,0.629299,0.563573
2015-11-12,2015:Q4,0.612024,0.553312
2015-11-13,2015:Q4,0.554973,0.51942
2015-11-16,2015:Q4,0.54096,0.511095
2015-11-17,2015:Q4,0.615341,0.675899
2015-11-18,2015:Q4,0.583992,0.657066
2015-11-19,2015:Q4,0.604265,0.669245
2015-11-20,2015:Q4,0.610214,0.672819
2015-11-23,2015:Q4,0.624975,0.681686
2015-11-24,2015:Q4,0.539925,0.630625
2015-11-25,2015:Q4,0.578942,0.278388
2015-11-27,2015:Q4,0.566213,0.270796
2015-11-30,2015:Q4,0.535036,0.252199
2015-12-01,2015:Q4,0.424011,0.186001
2015-12-02,2015:Q4,0.413182,0.179538
2015-12-03,2015:Q4,0.375289,0.156921
2015-12-04,2015:Q4,0.384311,0.162306
2015-12-07,2015:Q4,0.379055,0.159169
2015-12-08,2015:Q4,0.157775,0.027046
2015-12-09,2015:Q4,0.157775,0.027046
2015-12-10,2015:Q4,0.157775,0.027046
2015-12-11,2015:Q4,0.157775,0.027046
2015-12-14,2015:Q4,0.157775,0.027046
2015-12-15,2015:Q4,0.395386,0.186589
2015-12-16,2015:Q4,0.395386,0.186589
2015-12-17,2015:Q4,0.395386,0.186589
2015-12-18,2015:Q4,0.395386,0.186589
2015-12-21,2015:Q4,0.395386,0.186589
2015-12-22,2015:Q4,0.380444,0.177633
2015-12-23,2015:Q4,0.380444,0.13525
2015-12-24,2015:Q4,0.380444,0.134499
2015-12-28,2015:Q4,0.380444,0.134499
2015-12-29,2015:Q4,0.380444,0.134499
2015-12-30,2015:Q4,0.37782,0.13292
2015-12-31,2015:Q4,0.37782,0.13292
2016-01-04,2015:Q4,0.37782,0.13292
2016-01-05,2015:Q4,0.37782,0.13292
2016-01-06,2015:Q4,0.37782,0.13292
2016-01-07,2015:Q4,0.37782,0.13292
2016-01-08,2015:Q4,0.37782,0.13292
2016-01-11,2015:Q4,0.37782,0.13292
2016-01-12,2015:Q4,0.37782,0.13292
2016-01-13,2015:Q4,0.37782,0.13292
2016-01-14,2015:Q4,0.37782,0.13292
2016-01-15,2015:Q4,0.37782,0.13292
2016-01-19,2015:Q4,0.37782,0.13292
2016-01-20,2015:Q4,,0.039244
2016-01-21,2015:Q4,,0.039244
2016-01-22,2015:Q4,,0.039244
2016-01-25,2015:Q4,,0.039244
2016-01-26,2015:Q4,,0.039244
2016-01-27,2015:Q4,,0.039244
2016-01-28,2015:Q4,,0.039244
2016-01-29,2015:Q4,,
2016-01-04,2016:Q1,0.782027,0.647392
2016-01-05,2016:Q1,0.54031,0.502114
2016-01-06,2016:Q1,0.487378,0.470199
2016-01-07,2016:Q1,0.326995,0.373467
2016-01-08,2016:Q1,0.309205,0.362735
2016-01-11,2016:Q1,0.344807,0.384213
2016-01-12,2016:Q1,0.016672,0.186143
2016-01-13,2016:Q1,0.013382,0.184157
2016-01-14,2016:Q1,-0.015802,0.166531
2016-01-15,2016:Q1,0.098925,0.235812
2016-01-19,2016:Q1,-0.08613,0.124049
2016-01-20,2016:Q1,-0.672245,-0.228272
2016-01-21,2016:Q1,-0.748894,-0.274316
2016-01-22,2016:Q1,-0.539199,-0.148375
2016-01-25,2016:Q1,-0.29213,-9.4E-05
2016-01-26,2016:Q1,-0.686423,-0.236755
2016-01-27,2016:Q1,-0.573041,-0.168647
2016-01-28,2016:Q1,-0.295739,-0.002177
2016-01-29,2016:Q1,-0.149358,0.08564
2016-02-01,2016:Q1,-0.11385,0.076017
2016-02-02,2016:Q1,-1.380595,-0.676782
2016-02-03,2016:Q1,-1.437715,-0.710878
2016-02-04,2016:Q1,-1.304158,-0.631166
2016-02-05,2016:Q1,-1.366255,-0.668224
2016-02-08,2016:Q1,-1.380426,-0.676682
2016-02-09,2016:Q1,-1.559513,-0.783506
2016-02-10,2016:Q1,-1.704997,-0.870429
2016-02-11,2016:Q1,-1.648645,-0.836755
2016-02-12,2016:Q1,-1.630956,-0.826186
2016-02-16,2016:Q1,-1.477115,-0.734294
2016-02-17,2016:Q1,-1.294428,-0.895017
2016-02-18,2016:Q1,-1.158282,-0.801283
2016-02-19,2016:Q1,-0.818686,-0.534109
2016-02-22,2016:Q1,-0.876031,-0.573846
2016-02-23,2016:Q1,-0.842985,-0.550907
2016-02-24,2016:Q1,-0.91457,-0.600517
2016-02-25,2016:Q1,-0.851073,-0.556511
2016-02-26,2016:Q1,-0.825984,-0.049812
2016-02-29,2016:Q1,-0.808213,-0.044608
2016-03-01,2016:Q1,-0.735465,0.005661
2016-03-02,2016:Q1,-0.738112,0.003832
2016-03-03,2016:Q1,-0.728317,0.010602
2016-03-04,2016:Q1,-0.722934,0.014322
2016-03-07,2016:Q1,-0.695749,0.03311
2016-03-08,2016:Q1,-0.89743,-0.106305
2016-03-09,2016:Q1,-0.89743,-0.106305
2016-03-10,2016:Q1,-0.89743,-0.106305
2016-03-11,2016:Q1,-0.89743,-0.106305
2016-03-14,2016:Q1,-0.89743,-0.106305
2016-03-15,2016:Q1,-0.738444,0.003602
2016-03-16,2016:Q1,-0.289069,0.245513
2016-03-17,2016:Q1,-0.289069,0.245513
2016-03-18,2016:Q1,-0.289069,0.245513
2016-03-21,2016:Q1,-0.289069,0.245513
2016-03-22,2016:Q1,-0.195512,0.31181
2016-03-23,2016:Q1,-0.195512,0.31181
2016-03-24,2016:Q1,-0.195512,0.31181
2016-03-25,2016:Q1,-0.195512,0.31181
2016-03-28,2016:Q1,-0.195512,0.299694
2016-03-29,2016:Q1,-0.109144,0.357976
2016-03-30,2016:Q1,-0.109144,0.357976
2016-03-31,2016:Q1,-0.109144,0.357976
2016-04-01,2016:Q1,-0.109144,0.357976
2016-04-04,2016:Q1,-0.109144,0.357976
2016-04-05,2016:Q1,-0.109144,0.357976
2016-04-06,2016:Q1,-0.109144,0.357976
2016-04-07,2016:Q1,-0.109144,0.357976
2016-04-08,2016:Q1,-0.109144,0.357976
2016-04-11,2016:Q1,-0.109144,0.357976
2016-04-12,2016:Q1,-0.109144,0.357976
2016-04-13,2016:Q1,-0.109144,0.357976
2016-04-14,2016:Q1,,0.230255
2016-04-15,2016:Q1,,0.230255
2016-04-18,2016:Q1,,0.230255
2016-04-19,2016:Q1,,0.230255
2016-04-20,2016:Q1,,0.230255
2016-04-21,2016:Q1,,0.230255
2016-04-22,2016:Q1,,0.230255
2016-04-25,2016:Q1,,0.230255
2016-04-26,2016:Q1,,0.230255
2016-04-27,2016:Q1,,0.230255
2016-04-28,2016:Q1,,
2016-04-01,2016:Q2,1.482054,1.241752
2016-04-04,2016:Q2,1.208364,1.052172
2016-04-05,2016:Q2,1.590009,1.308074
2016-04-06,2016:Q2,1.764467,1.424817
2016-04-07,2016:Q2,1.891023,1.509473
2016-04-08,2016:Q2,1.865789,1.492595
2016-04-11,2016:Q2,2.028427,1.601354
2016-04-12,2016:Q2,2.056135,1.61986
2016-04-13,2016:Q2,2.195507,1.713022
2016-04-14,2016:Q2,1.567202,1.320953
2016-04-15,2016:Q2,1.530262,1.295885
2016-04-18,2016:Q2,1.447595,1.239776
2016-04-19,2016:Q2,1.543904,1.305208
2016-04-20,2016:Q2,1.616812,1.354677
2016-04-21,2016:Q2,1.773061,1.460663
2016-04-22,2016:Q2,1.670691,1.391228
2016-04-25,2016:Q2,1.688937,1.403606
2016-04-26,2016:Q2,1.729388,1.431102
2016-04-27,2016:Q2,1.890524,1.540363
2016-04-28,2016:Q2,1.932571,1.568866
2016-04-29,2016:Q2,1.990779,1.505298
2016-05-02,2016:Q2,1.932411,1.466096
2016-05-03,2016:Q2,2.06594,1.560052
2016-05-04,2016:Q2,2.042956,1.544625
2016-05-05,2016:Q2,2.038933,1.541924
2016-05-06,2016:Q2,2.052094,1.550759
2016-05-09,2016:Q2,2.059252,1.555563
2016-05-10,2016:Q2,1.957263,1.487084
2016-05-11,2016:Q2,2.040952,1.54327
2016-05-12,2016:Q2,2.118958,1.59563
2016-05-13,2016:Q2,2.129674,1.602821
2016-05-16,2016:Q2,2.11577,1.59349
2016-05-17,2016:Q2,2.502158,2.034529
2016-05-18,2016:Q2,2.510157,2.039991
2016-05-19,2016:Q2,2.468292,2.011406
2016-05-20,2016:Q2,2.476656,2.017117
2016-05-23,2016:Q2,2.465215,2.009305
2016-05-24,2016:Q2,2.490037,2.026269
2016-05-25,2016:Q2,2.539904,2.060313
2016-05-26,2016:Q2,2.52998,2.053539
2016-05-27,2016:Q2,2.545416,2.064076
2016-05-31,2016:Q2,2.57907,2.012539
2016-06-01,2016:Q2,2.612515,2.034893
2016-06-02,2016:Q2,2.621717,2.041037
2016-06-03,2016:Q2,2.625223,2.043378
2016-06-06,2016:Q2,2.625369,2.043476
2016-06-07,2016:Q2,2.771338,2.140921
2016-06-08,2016:Q2,2.771338,2.140921
2016-06-09,2016:Q2,2.771338,2.140921
2016-06-10,2016:Q2,2.771338,2.140921
2016-06-13,2016:Q2,2.771338,2.140921
2016-06-14,2016:Q2,2.789946,2.15334
2016-06-15,2016:Q2,2.789946,2.15334
2016-06-16,2016:Q2,2.65276,2.091372
2016-06-17,2016:Q2,2.65276,2.091372
2016-06-20,2016:Q2,2.65276,2.091372
2016-06-21,2016:Q2,2.626743,2.07408
2016-06-22,2016:Q2,2.626743,2.07408
2016-06-23,2016:Q2,2.626743,2.07408
2016-06-24,2016:Q2,2.626743,2.07408
2016-06-27,2016:Q2,2.626743,2.07408
2016-06-28,2016:Q2,2.601098,2.057033
2016-06-29,2016:Q2,2.601098,1.994871
2016-06-30,2016:Q2,2.601098,1.994871
2016-07-01,2016:Q2,2.601098,1.994871
2016-07-05,2016:Q2,2.601098,1.994871
2016-07-06,2016:Q2,2.601098,1.994871
2016-07-07,2016:Q2,2.601098,1.994871
2016-07-08,2016:Q2,2.601098,1.994871
2016-07-11,2016:Q2,2.601098,1.994871
2016-07-12,2016:Q2,2.601098,1.994871
2016-07-13,2016:Q2,2.601098,1.994871
2016-07-14,2016:Q2,2.601098,1.994871
2016-07-15,2016:Q2,,1.975084
2016-07-18,2016:Q2,,1.975084
2016-07-19,2016:Q2,,1.975084
2016-07-20,2016:Q2,,1.975084
2016-07-21,2016:Q2,,1.975084
2016-07-22,2016:Q2,,1.975084
2016-07-25,2016:Q2,,1.975084
2016-07-26,2016:Q2,,1.975084
2016-07-27,2016:Q2,,1.975084
2016-07-28,2016:Q2,,1.975084
2016-07-29,2016:Q2,,
2016-07-01,2016:Q3,1.931223,1.505456
2016-07-05,2016:Q3,2.182379,1.689387
2016-07-06,2016:Q3,1.701919,1.372641
2016-07-07,2016:Q3,1.774045,1.420224
2016-07-08,2016:Q3,1.61507,1.315335
2016-07-11,2016:Q3,1.656084,1.342399
2016-07-12,2016:Q3,1.527671,1.257661
2016-07-13,2016:Q3,1.729828,1.391075
2016-07-14,2016:Q3,1.565121,1.282381
2016-07-15,2016:Q3,1.50779,1.282251
2016-07-18,2016:Q3,1.544637,1.306557
2016-07-19,2016:Q3,1.427107,1.22904
2016-07-20,2016:Q3,1.400472,1.211464
2016-07-21,2016:Q3,1.432737,1.232755
2016-07-22,2016:Q3,1.356355,1.182349
2016-07-25,2016:Q3,1.325679,1.162103
2016-07-26,2016:Q3,1.146726,1.043982
2016-07-27,2016:Q3,1.171245,1.060173
2016-07-28,2016:Q3,1.057378,0.984969
2016-07-29,2016:Q3,1.0469,0.978048
2016-08-01,2016:Q3,1.071471,0.994278
2016-08-02,2016:Q3,1.165384,0.853047
2016-08-03,2016:Q3,1.155658,0.847328
2016-08-04,2016:Q3,1.200749,0.873841
2016-08-05,2016:Q3,1.235431,0.894231
2016-08-08,2016:Q3,1.23276,0.892661
2016-08-09,2016:Q3,1.236201,0.894691
2016-08-10,2016:Q3,1.213764,0.881499
2016-08-11,2016:Q3,1.169941,0.855732
2016-08-12,2016:Q3,1.253232,0.904703
2016-08-15,2016:Q3,1.290338,0.926515
2016-08-16,2016:Q3,1.253046,0.884059
2016-08-17,2016:Q3,1.2834267187,0.9020210707
2016-08-18,2016:Q3,1.2954506928,0.9091296715
2016-08-19,2016:Q3,1.321253405,0.9243834254
2016-08-22,2016:Q3,1.314592535,0.9204458414
2016-08-23,2016:Q3,1.2711337431,0.8947368096
2016-08-24,2016:Q3,1.2986797237,0.9110212271
2016-08-25,2016:Q3,1.2525805913,0.8837679411
2016-08-26,2016:Q3,1.27786587,0.8987167805
2016-08-29,2016:Q3,1.2765210901,0.9601969725
2016-08-30,2016:Q3,1.30196879,0.9752443431
2016-08-31,2016:Q3,1.2774755265,0.9607432861
2016-09-01,2016:Q3,1.1919689629,0.9101113766
2016-09-02,2016:Q3,1.1333628784,0.8754008065
2016-09-06,2016:Q3,1.1786946166,0.9022499287
2016-09-07,2016:Q3,1.2590687871,0.9498450081
2016-09-08,2016:Q3,1.2590687871,0.9498450081
2016-09-09,2016:Q3,1.2590687871,0.9498450081
2016-09-12,2016:Q3,1.2590687871,0.9498450081
2016-09-13,2016:Q3,1.2378692164,0.9372924005
2016-09-14,2016:Q3,1.2378692164,0.9372924005
2016-09-15,2016:Q3,1.2378692164,0.9372924005
2016-09-16,2016:Q3,1.5995372203,1.169819718
2016-09-19,2016:Q3,1.5995372203,1.169819718
2016-09-20,2016:Q3,1.60963543,1.1757705537
2016-09-21,2016:Q3,1.60963543,1.1757705537
2016-09-22,2016:Q3,1.60963543,1.1757705537
2016-09-23,2016:Q3,1.60963543,1.1757705537
2016-09-26,2016:Q3,1.60963543,1.1757705537
2016-09-27,2016:Q3,1.6152458718,1.1790766869
2016-09-28,2016:Q3,1.6152458718,1.1790766869
2016-09-29,2016:Q3,1.6152458718,1.1790766869
2016-09-30,2016:Q3,1.6152458718,1.3001186966
2016-10-03,2016:Q3,1.6152458718,1.3001186966
2016-10-04,2016:Q3,1.6152458718,1.3001186966
2016-10-05,2016:Q3,1.6152458718,1.3001186966
2016-10-06,2016:Q3,1.6152458718,1.3001186966
2016-10-07,2016:Q3,1.6152458718,1.3001186966
2016-10-11,2016:Q3,1.6152458718,1.3001186966
2016-10-12,2016:Q3,1.6152458718,1.3001186966
2016-10-13,2016:Q3,1.6152458718,1.3001186966
2016-10-14,2016:Q3,1.6152458718,1.3001186966
2016-10-17,2016:Q3,1.61524587179018,1.30011869662747
2016-10-18,2016:Q3,,1.32388824141421
2016-10-19,2016:Q3,,1.32388824141421
2016-10-20,2016:Q3,,1.323888241
2016-10-21,2016:Q3,,1.32388824141421
2016-10-24,2016:Q3,,1.32388824141421
2016-10-25,2016:Q3,,1.32388824141421
2016-10-26,2016:Q3,,1.32388824141421
2016-10-27,2016:Q3,,1.32388824141421
2016-10-28,2016:Q3,,
2016-10-03,2016:Q4,3.1798709384,2.2363964686
2016-10-04,2016:Q4,3.4086006101,2.380072963
2016-10-05,2016:Q4,3.4050567986,2.3779965222
2016-10-06,2016:Q4,3.4719449455,2.4171847695
2016-10-07,2016:Q4,3.5286406504,2.4503951909
2016-10-11,2016:Q4,3.5436575428,2.4591906088
2016-10-12,2016:Q4,3.5599833196,2.4687769713
2016-10-13,2016:Q4,3.5083093807,2.4385137596
2016-10-14,2016:Q4,3.5238145483,2.447594976
2016-10-17,2016:Q4,3.51686055122322,2.44352214526213
2016-10-18,2016:Q4,3.5193958591496,2.47649567369346
2016-10-19,2016:Q4,3.53450456017597,2.48542337561322
2016-10-20,2016:Q4,3.613245974,2.531944905
2016-10-21,2016:Q4,3.49189490759099,2.46024436515579
2016-10-24,2016:Q4,3.54466422027113,2.49142646894125
2016-10-25,2016:Q4,3.49053077531247,2.45942926685565
2016-10-26,2016:Q4,3.41949595741813,2.41744485895181
2016-10-27,2016:Q4,3.39240516118955,2.40143073427961
2016-10-28,2016:Q4,3.41284964015514,2.4135161575191
2016-10-31,2016:Q4,3.35550002968523,2.44472820355921
2016-11-01,2016:Q4,3.22465660687123,2.36788302156059
2016-11-02,2016:Q4,3.27388940548308,2.40188948782605
2016-11-03,2016:Q4,3.19037464584147,2.3528443092619
2016-11-04,2016:Q4,3.13095887900603,2.31794207009728
2016-11-07,2016:Q4,3.07805448074459,2.28685859560585
2016-11-08,2016:Q4,3.31625421495132,2.42678214962506
2016-11-09,2016:Q4,3.31096244447673,2.42367638740681
2016-11-10,2016:Q4,3.32959795072512,2.43461342782647
2016-11-14,2016:Q4,3.26211830482228,2.39500725876498
2016-11-15,2016:Q4,3.17381205291167,2.3431291042296
2016-11-16,2016:Q4,3.28782579843678,2.41007102400086
2016-11-17,2016:Q4,3.3308081633485,2.4799077039628
2016-11-18,2016:Q4,3.31193619760859,2.46873549360893
2016-11-21,2016:Q4,3.34083517659018,2.48584344837191
2016-11-22,2016:Q4,3.27798425756698,2.44862204501972
2016-11-23,2016:Q4,3.38924170083497,2.51449171533624
2016-11-25,2016:Q4,3.35655826303614,2.4951437973481
2016-11-28,2016:Q4,3.35276565422806,2.49289853177754
2016-11-29,2016:Q4,3.28111898497041,2.45047619954393
2016-11-30,2016:Q4,3.24548221599972,2.33786376750094
2016-12-01,2016:Q4,3.43999335011476,2.45234013371232
2016-12-02,2016:Q4,3.54146736649734,2.51203499761132
2016-12-05,2016:Q4,3.55374370110966,2.51925567903599
2016-12-06,2016:Q4,3.24711482163365,2.33882488417667
2016-12-07,2016:Q4,3.24711482163365,2.33882488417667
2016-12-08,2016:Q4,3.24711482163365,2.33882488417667
2016-12-09,2016:Q4,3.24711482163365,2.33882488417667
2016-12-12,2016:Q4,3.24711482163365,2.33882488417667
2016-12-13,2016:Q4,3.2772315344985,2.35655379500761
2016-12-14,2016:Q4,3.2772315344985,2.35655379500761
2016-12-15,2016:Q4,3.3668672338681,2.3938279045721
2016-12-16,2016:Q4,3.3668672338681,2.3938279045721
2016-12-19,2016:Q4,3.3668672338681,2.3938279045721
2016-12-20,2016:Q4,3.39848777269842,2.41252259509257
2016-12-21,2016:Q4,3.39848777269842,2.41252259509257
2016-12-22,2016:Q4,3.398487773,2.18530969
2016-12-23,2016:Q4,3.39848777269842,2.18530969004938
2016-12-27,2016:Q4,3.39848777269842,2.18530969004938
2016-12-28,2016:Q4,3.43975962858107,2.20966121295159
2016-12-29,2016:Q4,3.43975962858107,2.20966121295159
2016-12-30,2016:Q4,3.43975962858107,2.20966121295159
2017-01-03,2016:Q4,3.43975962858107,2.20966121295159
2017-01-04,2016:Q4,3.43975962858107,2.20966121295159
2017-01-05,2016:Q4,3.43975962858107,2.20966121295159
2017-01-06,2016:Q4,3.43975962858107,2.20966121295159
2017-01-09,2016:Q4,3.43975962858107,2.20966121295159
2017-01-10,2016:Q4,3.43975962858107,2.20966121295159
2017-01-11,2016:Q4,3.43975962858107,2.20966121295159
2017-01-12,2016:Q4,3.43975962858107,2.20966121295159
2017-01-13,2016:Q4,3.43975962858107,2.20966121295159
2017-01-17,2016:Q4,3.43975962858107,2.20966121295159
2017-01-18,2016:Q4,,2.21336853590686
2017-01-19,2016:Q4,,2.21336853590686
2017-01-20,2016:Q4,,2.21336853590686
2017-01-23,2016:Q4,,2.21336853590686
2017-01-24,2016:Q4,,2.21336853590686
2017-01-25,2016:Q4,,2.21336853590686
2017-01-26,2016:Q4,,2.21336853590686
2017-01-27,2016:Q4,,
2017-01-03,2017:Q1,2.28830809261811,1.60643698782006
2017-01-04,2017:Q1,2.42783567605744,1.68932013877499
2017-01-05,2017:Q1,2.50715528464605,1.73633130554383
2017-01-06,2017:Q1,2.54277896852595,1.7574410456169
2017-01-09,2017:Q1,2.54484568551843,1.75866566188205
2017-01-10,2017:Q1,2.40161644174786,1.67380427089228
2017-01-11,2017:Q1,2.31791004018023,1.62417839328008
2017-01-12,2017:Q1,2.44949960470804,1.70218638748378
2017-01-13,2017:Q1,2.53986058003473,1.75573533366757
2017-01-17,2017:Q1,2.49868720916617,1.73133736081297
2017-01-18,2017:Q1,2.45967426790477,1.71119015277301
2017-01-19,2017:Q1,2.33807356451161,1.63862858124177
2017-01-20,2017:Q1,2.33807356451161,1.63862858124177
2017-01-23,2017:Q1,2.47163618048547,1.71832661919189
2017-01-24,2017:Q1,2.3920720656867,1.67080486941054
2017-01-25,2017:Q1,2.40503069125331,1.67853807627498
2017-01-26,2017:Q1,2.38700885092882,1.66778325592616
2017-01-27,2017:Q1,2.38789626959943,1.66831285092446
2017-01-30,2017:Q1,2.41577969683353,1.55788606974945
2017-01-31,2017:Q1,2.33683347810534,1.51080952046305
2017-02-01,2017:Q1,2.35286503786971,1.52036111782843
2017-02-02,2017:Q1,1.83446456637106,1.21249205524392
2017-02-03,2017:Q1,1.84418746710491,1.21829744826634
2017-02-06,2017:Q1,1.89184286777824,1.24674749859306
2017-02-07,2017:Q1,1.54328858751309,1.03854244774391
2017-02-08,2017:Q1,1.51627001532515,1.02239104034523
2017-02-09,2017:Q1,1.52186950950346,1.02573846254734
2017-02-10,2017:Q1,1.54352080427347,1.03868125880937
2017-02-13,2017:Q1,1.93188919147409,1.29438747210426
2017-02-14,2017:Q1,1.94988497614674,1.30621391751309
2017-02-15,2017:Q1,3.14936885489912,2.12369277625113
2017-02-16,2017:Q1,3.14317616705573,2.11963398656541
2017-02-17,2017:Q1,3.14032124116723,2.11776280027596
2017-02-21,2017:Q1,3.14399072545819,2.12016786509692
2017-02-22,2017:Q1,3.18106989629678,2.14446939772794
2017-02-23,2017:Q1,3.14587923390994,2.12140592050321
2017-02-24,2017:Q1,3.1737354804966,2.13966268676731
2017-02-27,2017:Q1,3.15369803176846,2.12653042566562
2017-02-28,2017:Q1,3.19789482437378,2.1554964163534
2017-03-01,2017:Q1,3.19658361551283,2.37705755089337
2017-03-02,2017:Q1,3.17597856149288,2.36404209025771
2017-03-03,2017:Q1,3.15042465705144,2.34789963752398
2017-03-06,2017:Q1,3.15167913069387,2.34869211647435
2017-03-07,2017:Q1,3.16851224547801,2.35932571610546
2017-03-08,2017:Q1,3.16851224547801,2.35932571610546
2017-03-09,2017:Q1,3.16851224547801,2.35932571610546
2017-03-10,2017:Q1,3.16851224547801,2.35932571610546
2017-03-13,2017:Q1,3.16851224547801,2.35932571610546
2017-03-14,2017:Q1,3.15143291385209,2.34853657601672
2017-03-15,2017:Q1,3.41189067866998,2.49493377514145
2017-03-16,2017:Q1,3.41189067866998,2.49493377514145
2017-03-17,2017:Q1,3.41189067866998,2.49493377514145
2017-03-20,2017:Q1,3.41189067866998,2.49493377514145
2017-03-21,2017:Q1,3.40560539272854,2.49093379500154
2017-03-22,2017:Q1,3.40560539272854,2.49093379500154
2017-03-23,2017:Q1,3.40560539272854,2.49093379500154
2017-03-24,2017:Q1,3.40560539272854,2.49093379500154
2017-03-27,2017:Q1,3.40560539272854,2.49093379500154
2017-03-28,2017:Q1,3.40010600256195,2.48743390842048
2017-03-29,2017:Q1,3.40010600256195,2.48743390842048
2017-03-30,2017:Q1,3.40010600256195,2.48743390842048
2017-03-31,2017:Q1,3.40010600256195,2.56547530096347
2017-04-03,2017:Q1,3.40010600256195,2.56547530096347
2017-04-04,2017:Q1,3.40010600256195,2.56547530096347
2017-04-05,2017:Q1,3.40010600256195,2.56547530096347
2017-04-06,2017:Q1,3.40010600256195,2.56547530096347
2017-04-07,2017:Q1,3.40010600256195,2.56547530096347
2017-04-10,2017:Q1,3.40010600256195,2.56547530096347
2017-04-11,2017:Q1,3.40010600256195,2.56547530096347
2017-04-12,2017:Q1,3.40010600256195,2.56547530096347
2017-04-13,2017:Q1,3.40010600256195,2.56547530096347
2017-04-14,2017:Q1,,2.36879467556568
2017-04-17,2017:Q1,,2.36879467556568
2017-04-18,2017:Q1,,2.36879467556568
2017-04-19,2017:Q1,,2.36879467556568
2017-04-20,2017:Q1,,2.36879467556568
2017-04-21,2017:Q1,,2.36879467556568
2017-04-24,2017:Q1,,2.36879467556568
2017-04-25,2017:Q1,,2.36879467556568
2017-04-26,2017:Q1,,2.36879467556568
2017-04-27,2017:Q1,,2.36879467556568
2017-04-28,2017:Q1,,
2017-04-03,2017:Q2,1.15117092370929,1.10982977942964
2017-04-04,2017:Q2,0.661399558042453,0.802612730200947
2017-04-05,2017:Q2,0.711786556063232,0.835027651401776
2017-04-06,2017:Q2,0.713311904210312,0.836008866666393
2017-04-07,2017:Q2,0.739168752324426,0.852641249235919
2017-04-10,2017:Q2,0.752043161329929,0.860922252187013
2017-04-11,2017:Q2,0.938535532722717,0.980879137327406
2017-04-12,2017:Q2,0.940695474782371,0.98226750447814
2017-04-13,2017:Q2,0.896010117781398,0.953542974365917
2017-04-14,2017:Q2,0.291483323963759,0.467245103612624
2017-04-17,2017:Q2,0.270013841209016,0.453409343764122
2017-04-18,2017:Q2,0.312001750975321,0.480493725585296
2017-04-19,2017:Q2,0.292464821467986,0.467904926390084
2017-04-20,2017:Q2,0.130704172798191,0.363646782000182
2017-04-21,2017:Q2,0.149483081710278,0.37575258401108
2017-04-24,2017:Q2,0.0820394325705909,0.33227217691838
2017-04-25,2017:Q2,0.110663033302094,0.350756005370823
2017-04-26,2017:Q2,0.167046171481555,0.38710178622261
2017-04-27,2017:Q2,0.130647526798411,0.363639089392453
2017-04-28,2017:Q2,0.16872406753401,0.388183306901357
2017-05-01,2017:Q2,0.157326082173204,0.212877977397063
2017-05-02,2017:Q2,0.199935902452708,0.245904821747867
2017-05-03,2017:Q2,0.170570059925224,0.226988480647794
2017-05-04,2017:Q2,0.190107799108996,0.239574102214535
2017-05-05,2017:Q2,0.117045897904422,0.192506472307508
2017-05-08,2017:Q2,0.153145677354516,0.215763666396551
2017-05-09,2017:Q2,0.107381742234036,0.186290039355752
2017-05-10,2017:Q2,0.0917575376478963,0.176222347741151
2017-05-11,2017:Q2,0.139369144129686,0.206900294539114
2017-05-12,2017:Q2,0.0432988295834047,0.120656706897582
2017-05-15,2017:Q2,0.043448755733988,0.120754536450352
2017-05-16,2017:Q2,0.0524926121214575,0.126662591970006
2017-05-17,2017:Q2,0.0429206656634928,0.120416586166305
2017-05-18,2017:Q2,0.0570707445860963,0.129649916896124
2017-05-19,2017:Q2,0.0657023247508048,0.13528210220155
2017-05-22,2017:Q2,0.103544746396644,0.159973133611757
2017-05-23,2017:Q2,0.114588556277151,0.167174290019512
2017-05-24,2017:Q2,0.124603054642769,0.17370774496317
2017-05-25,2017:Q2,0.111326167984571,0.165045872304859
2017-05-26,2017:Q2,0.104019473666672,0.160278839550609
2017-05-30,2017:Q2,0.0589709497906155,0.433224537990107
2017-05-31,2017:Q2,0.0590460810865556,0.433269360678046
2017-06-01,2017:Q2,-0.00549766236072058,0.391768825567929
2017-06-02,2017:Q2,-0.00405676969847946,0.392695373976171
2017-06-05,2017:Q2,-0.0150431829391118,0.385630604353504
2017-06-06,2017:Q2,0.104920024182675,0.462761142271617
2017-06-07,2017:Q2,0.104920024182675,0.462761142271617
2017-06-08,2017:Q2,0.104920024182675,0.462761142271617
2017-06-09,2017:Q2,0.104920024182675,0.462761142271617
2017-06-12,2017:Q2,0.104920024182675,0.462761142271617
2017-06-13,2017:Q2,0.0649084330419436,0.437038396205436
2017-06-14,2017:Q2,-0.164797725537369,0.211405434793233
2017-06-15,2017:Q2,-0.164797725537369,0.211405434793233
2017-06-16,2017:Q2,-0.164797725537369,0.211405434793233
2017-06-19,2017:Q2,-0.164797725537369,0.211405434793233
2017-06-20,2017:Q2,-0.206304055197415,0.18445613455802
2017-06-21,2017:Q2,-0.206304055197415,0.18445613455802
2017-06-22,2017:Q2,-0.206304055197415,0.18445613455802
2017-06-23,2017:Q2,-0.206304055197415,0.18445613455802
2017-06-26,2017:Q2,-0.206304055197415,0.18445613455802
2017-06-27,2017:Q2,-0.240131159996015,0.162490618340461
2017-06-28,2017:Q2,-0.240131159996015,0.162490618340461
2017-06-29,2017:Q2,-0.240131159996015,0.162490618340461
2017-06-30,2017:Q2,-0.240131159996015,0.13227749399507
2017-07-03,2017:Q2,-0.240131159996015,0.13227749399507
2017-07-05,2017:Q2,-0.240131159996015,0.13227749399507
2017-07-06,2017:Q2,-0.240131159996015,0.13227749399507
2017-07-07,2017:Q2,-0.240131159996015,0.13227749399507
2017-07-10,2017:Q2,-0.240131159996015,0.13227749399507
2017-07-11,2017:Q2,-0.240131159996015,0.13227749399507
2017-07-12,2017:Q2,-0.240131159996015,0.13227749399507
2017-07-13,2017:Q2,-0.240131159996015,0.13227749399507
2017-07-14,2017:Q2,,0.0681992656345276
2017-07-17,2017:Q2,,0.0681992656345276
2017-07-18,2017:Q2,,0.0681992656345276
2017-07-19,2017:Q2,,0.0681992656345276
2017-07-20,2017:Q2,,0.0681992656345276
2017-07-21,2017:Q2,,0.0681992656345276
2017-07-24,2017:Q2,,0.0681992656345276
2017-07-25,2017:Q2,,0.0681992656345276
2017-07-26,2017:Q2,,0.0681992656345276
2017-07-27,2017:Q2,,0.0681992656345276
2017-07-28,2017:Q2,,
2017-07-03,2017:Q3,1.24212009261353,1.08392670738167
2017-07-05,2017:Q3,0.876128960269118,0.852740607640912
2017-07-06,2017:Q3,0.869871217539986,0.848695024696
2017-07-07,2017:Q3,0.760912204834718,0.778242777170313
2017-07-10,2017:Q3,0.690957134211834,0.732999192985595
2017-07-11,2017:Q3,0.805586414295734,0.807125048292701
2017-07-12,2017:Q3,0.87028901697197,0.848955498480719
2017-07-13,2017:Q3,0.889453166924437,0.86134376803797
2017-07-14,2017:Q3,0.735275608129182,0.724140957073938
2017-07-17,2017:Q3,0.837174653798733,0.790071936243941
2017-07-18,2017:Q3,0.790420820622684,0.759823678243299
2017-07-19,2017:Q3,0.823728580069272,0.781373374490979
2017-07-20,2017:Q3,0.889125762787302,0.823678829950825
2017-07-21,2017:Q3,0.844796228543343,0.795002864962568
2017-07-24,2017:Q3,0.840854373861544,0.792452783615238
2017-07-25,2017:Q3,0.832576331331891,0.787093404747985
2017-07-26,2017:Q3,0.951855119868839,0.86424439840378
2017-07-27,2017:Q3,1.01162010222784,0.902891708960185
2017-07-28,2017:Q3,1.04605913216025,0.925159019058297
2017-07-31,2017:Q3,1.12064134391574,0.973374639820723
2017-08-01,2017:Q3,1.18581566866403,1.14607073034867
2017-08-02,2017:Q3,1.15282665054064,1.12642730850316
2017-08-03,2017:Q3,1.18600913665037,1.14641096844761
2017-08-04,2017:Q3,1.16948458211743,1.13646194660315
2017-08-07,2017:Q3,1.18576259828085,1.14626329904548
2017-08-08,2017:Q3,1.26865954408011,1.19619230840611
2017-08-09,2017:Q3,1.2588910266794,1.19031380245638
2017-08-10,2017:Q3,1.28477615938298,1.20589060782197
2017-08-11,2017:Q3,1.18143125727974,1.12715924855158
2017-08-14,2017:Q3,1.18996000323133,1.13230904212365
2017-08-15,2017:Q3,1.14706580410326,1.10641193832477
2017-08-16,2017:Q3,1.15711366153839,1.11247950675051
2017-08-17,2017:Q3,1.14119121106018,1.10286438318783
2017-08-21,2017:Q3,1.23909782387113,1.16198034375057
2017-08-22,2017:Q3,1.16897960586908,1.11963360848275
2017-08-23,2017:Q3,1.17709436428828,1.12453373411456
2017-08-24,2017:Q3,1.2033245326168,1.14037211619149
2017-08-25,2017:Q3,1.18482662556691,1.12920277893735
2017-08-28,2017:Q3,1.19768921377355,1.1369694831814
2017-08-29,2017:Q3,1.19917393294453,1.13787556548666
2017-08-30,2017:Q3,1.19606715317466,1.13599972929119
2017-08-31,2017:Q3,1.15286764047382,1.0940937095739
2017-09-01,2017:Q3,1.22713928124369,1.13888095115147
2017-09-05,2017:Q3,1.2196894064237,1.13438897305715
2017-09-06,2017:Q3,1.79996845475485,1.48398053633438
2017-09-07,2017:Q3,1.79996845475485,1.48398053633438
2017-09-08,2017:Q3,1.79996845475485,1.48398053633438
2017-09-11,2017:Q3,1.79996845475485,1.48398053633438
2017-09-12,2017:Q3,1.80573842425469,1.48745370012124
2017-09-13,2017:Q3,1.80573842425469,1.48745370012124
2017-09-14,2017:Q3,2.11602925412855,1.7632610963455
2017-09-15,2017:Q3,2.11602925412855,1.7632610963455
2017-09-18,2017:Q3,2.11602925412855,1.7632610963455
2017-09-19,2017:Q3,2.08560858418112,1.74482873952826
2017-09-20,2017:Q3,2.08560858418112,1.74482873952826
2017-09-21,2017:Q3,2.08560858418112,1.74482873952826
2017-09-22,2017:Q3,2.08560858418112,1.74482873952826
2017-09-25,2017:Q3,2.08560858418112,1.74482873952826
2017-09-26,2017:Q3,2.04662181598225,1.72120368929107
2017-09-27,2017:Q3,2.04662181598225,1.72120368929107
2017-09-28,2017:Q3,2.04662181598225,1.72120368929107
2017-09-29,2017:Q3,2.04662181598225,1.47354922607452
2017-10-02,2017:Q3,2.04662181598225,1.47354922607452
2017-10-03,2017:Q3,2.04662181598225,1.47354922607452
2017-10-04,2017:Q3,2.04662181598225,1.47354922607452
2017-10-05,2017:Q3,2.04662181598225,1.47354922607452
2017-10-06,2017:Q3,2.04662181598225,1.47354922607452
2017-10-10,2017:Q3,2.04662181598225,1.47354922607452
2017-10-11,2017:Q3,2.04662181598225,1.47354922607452
2017-10-12,2017:Q3,2.04662181598225,1.47354922607452
2017-10-13,2017:Q3,,1.49989552014207
2017-10-16,2017:Q3,,1.49989552014207
2017-10-17,2017:Q3,,1.49989552014207
2017-10-18,2017:Q3,,1.49989552014207
2017-10-19,2017:Q3,,1.49989552014207
2017-10-20,2017:Q3,,1.49989552014207
2017-10-23,2017:Q3,,1.49989552014207
2017-10-24,2017:Q3,,1.49989552014207
2017-10-25,2017:Q3,,1.49989552014207
2017-10-26,2017:Q3,,1.49989552014207
2017-10-27,2017:Q3,,
2017-10-02,2017:Q4,3.63699966880708,2.38200685845602
2017-10-03,2017:Q4,3.5938045389627,2.35535932927631
2017-10-04,2017:Q4,3.58862078030995,2.35225161948642
2017-10-05,2017:Q4,3.5743394652624,2.34368959669415
2017-10-06,2017:Q4,3.65291975285471,2.39079606244546
2017-10-10,2017:Q4,3.57093853224397,2.34165059488212
2017-10-11,2017:Q4,3.4890916853016,2.29258273807795
2017-10-12,2017:Q4,3.50693866829097,2.30328661354144
2017-10-13,2017:Q4,3.43267395243254,2.35461230540381
2017-10-16,2017:Q4,3.48504364136044,2.3876828061852
2017-10-17,2017:Q4,3.46143703651467,2.37278984907572
2017-10-18,2017:Q4,3.47098930926997,2.37882220205914
2017-10-19,2017:Q4,3.47162917309842,2.37922627667149
2017-10-20,2017:Q4,3.40045186941691,2.33427342403396
2017-10-23,2017:Q4,3.43387326647748,2.35538218089066
2017-10-24,2017:Q4,3.35834194496061,2.30768455693953
2017-10-25,2017:Q4,3.42650551353365,2.35074103984192
2017-10-26,2017:Q4,3.42432475765044,2.3493636583499
2017-10-27,2017:Q4,3.48630828452055,2.38850972277598
2017-10-30,2017:Q4,3.55868457506361,2.38930155020192
2017-10-31,2017:Q4,3.56822383596895,2.39504211640285
2017-11-01,2017:Q4,3.55387723204341,2.3864213650959
2017-11-02,2017:Q4,3.46861957488041,2.33270774681957
2017-11-03,2017:Q4,3.47076465709109,2.33399673022934
2017-11-06,2017:Q4,3.54838040817156,2.38062201218305
2017-11-07,2017:Q4,3.5980443058264,2.41043326219235
2017-11-08,2017:Q4,3.57537974305797,2.3968285377314
2017-11-09,2017:Q4,3.5584703984938,2.3866778931612
2017-11-10,2017:Q4,3.57032740147194,2.39379567867386
2017-11-13,2017:Q4,3.55685445418259,2.38570781957237
2017-11-14,2017:Q4,3.59119200906979,2.40635658193806
2017-11-15,2017:Q4,3.71050492585809,2.51376821342593
2017-11-16,2017:Q4,3.69725177484683,2.50576159748399
2017-11-17,2017:Q4,3.68356323443975,2.49749163678623
2017-11-20,2017:Q4,3.73121378263352,2.52627844182178
2017-11-21,2017:Q4,3.70592697358878,2.51099709123028
2017-11-22,2017:Q4,3.72040405288721,2.51974298513515
2017-11-24,2017:Q4,3.74773539252162,2.53625342512411
2017-11-27,2017:Q4,3.75720932200818,2.54197618351815
2017-11-28,2017:Q4,3.72921701886622,2.52504402475466
2017-11-29,2017:Q4,3.71610403890958,2.51712202934422
2017-11-30,2017:Q4,3.68830617728109,2.79706179329191
2017-12-01,2017:Q4,3.68352937795984,2.79417587536956
2017-12-04,2017:Q4,3.72247223944602,2.81770218884643
2017-12-05,2017:Q4,3.58559364839757,2.73499911514556
2017-12-06,2017:Q4,3.58559364839757,2.73499911514556
2017-12-07,2017:Q4,3.58559364839757,2.73499911514556
2017-12-08,2017:Q4,3.58559364839757,2.73499911514556
2017-12-11,2017:Q4,3.58559364839757,2.73499911514556
2017-12-12,2017:Q4,3.57141924278888,2.72643300377415
2017-12-13,2017:Q4,3.60245583435892,2.81884385636717
2017-12-14,2017:Q4,3.60245583435892,2.81884385636717
2017-12-15,2017:Q4,3.60245583435892,2.81884385636717
2017-12-18,2017:Q4,3.60245583435892,2.81884385636717
2017-12-19,2017:Q4,3.57714773546669,2.80334889751739
2017-12-20,2017:Q4,3.57714773546669,2.80334889751739
2017-12-21,2017:Q4,3.57714773546669,2.80334889751739
2017-12-22,2017:Q4,3.57714773546669,2.65662389154582
2017-12-26,2017:Q4,3.57714773546669,2.65662389154582
2017-12-27,2017:Q4,3.57421599935577,2.65485510632841
2017-12-28,2017:Q4,3.57421599935577,2.65485510632841
2017-12-29,2017:Q4,3.57421599935577,2.65485510632841
2018-01-02,2017:Q4,3.57421599935577,2.65485510632841
2018-01-03,2017:Q4,3.57421599935577,2.65485510632841
2018-01-04,2017:Q4,3.57421599935577,2.65485510632841
2018-01-05,2017:Q4,3.57421599935577,2.65485510632841
2018-01-08,2017:Q4,3.57421599935577,2.65485510632841
2018-01-09,2017:Q4,3.57421599935577,2.65485510632841
2018-01-10,2017:Q4,3.57421599935577,2.65485510632841
2018-01-11,2017:Q4,3.57421599935577,2.65485510632841
2018-01-12,2017:Q4,,2.74749191618657
2018-01-16,2017:Q4,,2.74749191618657
2018-01-17,2017:Q4,,2.74749191618657
2018-01-18,2017:Q4,,2.74749191618657
2018-01-19,2017:Q4,,2.74749191618657
2018-01-22,2017:Q4,,2.74749191618657
2018-01-23,2017:Q4,,2.74749191618657
2018-01-24,2017:Q4,,2.74749191618657
2018-01-25,2017:Q4,,2.74749191618657
2018-01-26,2017:Q4,,
2018-01-02,2018:Q1,2.58193218265044,1.90406789995095
2018-01-03,2018:Q1,2.27742863411016,1.71985560826959
2018-01-04,2018:Q1,2.35280327983154,1.76551280598634
2018-01-05,2018:Q1,2.35034963627825,1.76402670495233
2018-01-08,2018:Q1,2.3206303381333,1.74602572317806
2018-01-09,2018:Q1,2.33253837443428,1.75324062534787
2018-01-10,2018:Q1,2.39256187184478,1.78959375816776
2018-01-11,2018:Q1,2.41037006128797,1.80037801110642
2018-01-12,2018:Q1,2.85514090379766,2.09285555707814
2018-01-16,2018:Q1,2.82481373534669,2.07448464126327
2018-01-17,2018:Q1,2.80900267560127,2.06492834149199
2018-01-18,2018:Q1,2.80408715329157,2.06195060159862
2018-01-19,2018:Q1,2.79606904540526,2.05709327532184
2018-01-22,2018:Q1,2.74901302174471,2.02858467265303
2018-01-23,2018:Q1,2.81987378811992,2.07153272223313
2018-01-24,2018:Q1,2.87153080749687,2.10282074012549
2018-01-25,2018:Q1,2.93644539885927,2.14213194356825
2018-01-26,2018:Q1,2.8858615135686,2.11149982638388
2018-01-29,2018:Q1,2.90710941183563,2.07027819403929
2018-01-30,2018:Q1,2.88741471616452,2.05848814509497
2018-01-31,2018:Q1,2.82106974215086,2.01866354944353
2018-02-01,2018:Q1,2.84392006111167,2.03238069847842
2018-02-02,2018:Q1,2.52987040859958,1.84424688829017
2018-02-05,2018:Q1,2.47080002016262,1.80874112225364
2018-02-06,2018:Q1,2.57895696769912,1.87378835698202
2018-02-07,2018:Q1,2.59765707091522,1.85887498460211
2018-02-08,2018:Q1,2.54139728707883,1.8235919883381
2018-02-09,2018:Q1,2.52325801214355,1.81221490743835
2018-02-12,2018:Q1,2.46345432277546,1.77470167221989
2018-02-13,2018:Q1,2.43646717924151,1.75774844397567
2018-02-14,2018:Q1,3.44301839860375,2.48105653230895
2018-02-15,2018:Q1,3.51044132316551,2.52244231785879
2018-02-16,2018:Q1,3.50969334521818,2.52198323349397
2018-02-20,2018:Q1,3.55454096209158,2.54950755960868
2018-02-21,2018:Q1,3.47281722144983,2.49932469968512
2018-02-22,2018:Q1,3.47370431984404,2.49986928307291
2018-02-23,2018:Q1,3.51518237607664,2.52533088005071
2018-02-26,2018:Q1,3.5486709633922,2.54588596239576
2018-02-27,2018:Q1,3.51235450369107,2.52358652565472
2018-02-28,2018:Q1,3.47430380188556,2.50022726621737
2018-03-01,2018:Q1,3.41853996685559,2.41942337730519
2018-03-02,2018:Q1,3.38681691948628,2.40005456668904
2018-03-05,2018:Q1,3.39105853212591,2.40264442293359
2018-03-06,2018:Q1,3.38627279253318,2.39972232985155
2018-03-07,2018:Q1,3.38627279253318,2.39972232985155
2018-03-08,2018:Q1,3.38627279253318,2.39972232985155
2018-03-09,2018:Q1,3.38627279253318,2.39972232985155
2018-03-12,2018:Q1,3.38627279253318,2.39972232985155
2018-03-13,2018:Q1,3.50038882498211,2.46426835502336
2018-03-14,2018:Q1,3.50038882498211,2.46426835502336
2018-03-15,2018:Q1,3.50038882498211,2.46426835502336
2018-03-16,2018:Q1,3.50038882498211,2.46426835502336
2018-03-19,2018:Q1,3.50038882498211,2.46426835502336
2018-03-20,2018:Q1,3.52233890876077,2.47801280149553
2018-03-21,2018:Q1,3.52233890876077,2.47801280149553
2018-03-22,2018:Q1,3.52233890876077,2.47801280149553
2018-03-23,2018:Q1,3.52233890876077,2.47801280149553
2018-03-26,2018:Q1,3.52233890876077,2.47801280149553
2018-03-27,2018:Q1,3.55411495021296,2.49790852824341
2018-03-28,2018:Q1,3.55411495021296,2.49790852824341
2018-03-29,2018:Q1,3.55411495021296,2.7511139723557
2018-03-30,2018:Q1,3.55411495021296,2.7511139723557
2018-04-02,2018:Q1,3.55411495021296,2.7511139723557
2018-04-03,2018:Q1,3.55411495021296,2.7511139723557
2018-04-04,2018:Q1,3.55411495021296,2.7511139723557
2018-04-05,2018:Q1,3.55411495021296,2.7511139723557
2018-04-06,2018:Q1,3.55411495021296,2.7511139723557
2018-04-09,2018:Q1,3.55411495021296,2.7511139723557
2018-04-10,2018:Q1,3.55411495021296,2.7511139723557
2018-04-11,2018:Q1,,2.69177847688038
2018-04-12,2018:Q1,,2.69177847688038
2018-04-13,2018:Q1,,2.69177847688038
2018-04-16,2018:Q1,,2.69177847688038
2018-04-17,2018:Q1,,2.69177847688038
2018-04-18,2018:Q1,,2.69177847688038
2018-04-19,2018:Q1,,2.69177847688038
2018-04-20,2018:Q1,,2.69177847688038
2018-04-23,2018:Q1,,2.69177847688038
2018-04-24,2018:Q1,,2.69177847688038
2018-04-25,2018:Q1,,2.69177847688038
2018-04-26,2018:Q1,,2.69177847688038
2018-04-27,2018:Q1,,
2018-04-02,2018:Q2,1.70171796627874,1.60516829871502
2018-04-03,2018:Q2,1.45805032744857,1.44819959470177
2018-04-04,2018:Q2,1.47638492768933,1.45989029877929
2018-04-05,2018:Q2,1.46666556160773,1.45369300676073
2018-04-06,2018:Q2,1.48707100742107,1.46670379644851
2018-04-09,2018:Q2,1.40182442389614,1.4123445147723
2018-04-10,2018:Q2,1.49513703425481,1.47184073400184
2018-04-11,2018:Q2,1.54844751696228,1.43770404249568
2018-04-12,2018:Q2,1.58350697438387,1.46056671275798
2018-04-13,2018:Q2,1.57166017923165,1.45284152177978
2018-04-16,2018:Q2,1.57627430475931,1.45585038143377
2018-04-17,2018:Q2,1.57158905120005,1.45282391558557
2018-04-18,2018:Q2,1.56825162419014,1.45064770999057
2018-04-19,2018:Q2,1.70159864607362,1.53758305002381
2018-04-20,2018:Q2,1.68844221133495,1.52900710791237
2018-04-23,2018:Q2,1.70610638290165,1.54052132192752
2018-04-24,2018:Q2,1.84285906427886,1.62967721858658
2018-04-25,2018:Q2,1.76882723958875,1.58143836001567
2018-04-26,2018:Q2,1.75675930881076,1.57357404262597
2018-04-27,2018:Q2,1.80553203695595,1.60535625320377
2018-04-30,2018:Q2,1.77749669062262,1.73882557272811
2018-05-01,2018:Q2,1.88123932315269,1.80392496230362
2018-05-02,2018:Q2,1.72350451511136,1.70258325529093
2018-05-03,2018:Q2,1.73458212105697,1.70953160549308
2018-05-04,2018:Q2,1.74610168607565,1.71675690668172
2018-05-07,2018:Q2,1.79773768542781,1.74914189836588
2018-05-08,2018:Q2,1.95544454957226,1.84801079712087
2018-05-09,2018:Q2,1.94194150211777,1.83954732359872
2018-05-10,2018:Q2,1.60753304871577,1.59697757838089
2018-05-11,2018:Q2,1.61071184713453,1.59901077404234
2018-05-14,2018:Q2,1.58976887819426,1.58561509619519
2018-05-15,2018:Q2,1.60973867527787,1.59838883775933
2018-05-16,2018:Q2,1.60277304821412,1.59393340391667
2018-05-17,2018:Q2,1.62415509527782,1.6076097706055
2018-05-18,2018:Q2,1.62535707031419,1.60837855376665
2018-05-21,2018:Q2,1.59607568381259,1.5896494814621
2018-05-22,2018:Q2,1.65939069541434,1.63014326061834
2018-05-23,2018:Q2,1.66088111655491,1.63109638336358
2018-05-24,2018:Q2,1.66230489461079,1.63200688439997
2018-05-25,2018:Q2,1.63247701306128,1.61293133932698
2018-05-29,2018:Q2,1.52214003564815,1.54235541279835
2018-05-30,2018:Q2,1.575076023783,1.5762244581919
2018-05-31,2018:Q2,1.65471667873989,1.7894253050434
2018-06-01,2018:Q2,1.65048060673145,1.78676132146953
2018-06-04,2018:Q2,1.61982148896687,1.76747947325679
2018-06-05,2018:Q2,1.68982506789106,1.81150309867066
2018-06-06,2018:Q2,1.68982506789106,1.81150309867066
2018-06-07,2018:Q2,1.68982506789106,1.81150309867066
2018-06-08,2018:Q2,1.68982506789106,1.81150309867066
2018-06-11,2018:Q2,1.68982506789106,1.81150309867066
2018-06-12,2018:Q2,1.75302394361427,1.84454426338452
2018-06-13,2018:Q2,1.75302394361427,1.84454426338452
2018-06-14,2018:Q2,1.75302394361427,1.84454426338452
2018-06-15,2018:Q2,1.75302394361427,1.84454426338452
2018-06-18,2018:Q2,1.75302394361427,1.84454426338452
2018-06-19,2018:Q2,1.72926838340119,1.82968454444183
2018-06-20,2018:Q2,1.72926838340119,1.82968454444183
2018-06-21,2018:Q2,1.72926838340119,1.82968454444183
2018-06-22,2018:Q2,1.72926838340119,1.82968454444183
2018-06-25,2018:Q2,1.72926838340119,1.82968454444183
2018-06-26,2018:Q2,1.69977551049261,1.81123462933537
2018-06-27,2018:Q2,1.69977551049261,1.81123462933537
2018-06-28,2018:Q2,1.69977551049261,1.81123462933537
2018-06-29,2018:Q2,1.69977551049261,2.01653588994057
2018-07-02,2018:Q2,1.69977551049261,2.01653588994057
2018-07-03,2018:Q2,1.69977551049261,2.01653588994057
2018-07-05,2018:Q2,1.69977551049261,2.01653588994057
2018-07-06,2018:Q2,1.69977551049261,2.01653588994057
2018-07-09,2018:Q2,1.69977551049261,2.01653588994057
2018-07-10,2018:Q2,1.69977551049261,2.01653588994057
2018-07-11,2018:Q2,1.69977551049261,2.01653588994057
2018-07-12,2018:Q2,,1.97486840755459
2018-07-13,2018:Q2,,1.97486840755459
2018-07-16,2018:Q2,,1.97486840755459
2018-07-17,2018:Q2,,1.97486840755459
2018-07-18,2018:Q2,,1.97486840755459
2018-07-19,2018:Q2,,1.97486840755459
2018-07-20,2018:Q2,,1.97486840755459
2018-07-23,2018:Q2,,1.97486840755459
2018-07-24,2018:Q2,,1.97486840755459
2018-07-25,2018:Q2,,1.97486840755459
2018-07-26,2018:Q2,,1.97486840755459
2018-07-27,2018:Q2,,
2018-07-02,2018:Q3,2.73795576751987,2.33153875273957
2018-07-03,2018:Q3,2.41946668761224,2.13024668490303
2018-07-05,2018:Q3,2.45721770085703,2.15391009654027
2018-07-06,2018:Q3,2.41227575963527,2.12573892018229
2018-07-09,2018:Q3,2.39299721493145,2.11365336010687
2018-07-10,2018:Q3,2.48979870343824,2.17432444388328
2018-07-11,2018:Q3,2.52005120585674,2.1932835217453
2018-07-12,2018:Q3,2.13628304129827,1.92052549376271
2018-07-13,2018:Q3,2.16275575153824,1.9373142066389
2018-07-16,2018:Q3,2.21276645295128,1.96902709554501
2018-07-17,2018:Q3,2.06246226124231,1.87370249607255
2018-07-18,2018:Q3,2.07166734398794,1.87954150490062
2018-07-19,2018:Q3,2.13885076309208,1.92215306332983
2018-07-20,2018:Q3,2.13285051636096,1.91834768803847
2018-07-23,2018:Q3,2.16325687733945,1.93763084363354
2018-07-24,2018:Q3,2.13967589376396,1.9226777891334
2018-07-25,2018:Q3,2.17147207576751,1.94284239090463
2018-07-26,2018:Q3,2.21774758202549,1.97218635374883
2018-07-31,2018:Q3,2.31568468879224,1.90213526565868
2018-08-01,2018:Q3,2.23870326497084,1.85463359531894
2018-08-02,2018:Q3,2.03552647560645,1.72425515951979
2018-08-03,2018:Q3,2.08272718361906,1.7533965791636
2018-08-06,2018:Q3,2.08480629138748,1.75468202755111
2018-08-07,2018:Q3,2.22493982734491,1.84119218697469
2018-08-08,2018:Q3,2.24512636066934,1.85364280999998
2018-08-09,2018:Q3,2.17750804709593,1.81193451263868
2018-08-10,2018:Q3,2.2915388639575,1.90157919001239
2018-08-13,2018:Q3,2.31559274827999,1.91621519988721
2018-08-14,2018:Q3,2.29971692316093,1.90654909511383
2018-08-15,2018:Q3,2.29326840371245,1.90262521889635
2018-08-16,2018:Q3,2.24678712471034,1.87433956945018
2018-08-17,2018:Q3,2.26616963618322,1.88613503072717
2018-08-20,2018:Q3,2.28359658266739,1.89673985222967
2018-08-21,2018:Q3,2.2695662332284,1.88819041399355
2018-08-22,2018:Q3,2.28300175321388,1.89636662134389
2018-08-23,2018:Q3,2.35028029038442,1.93730437003981
2018-08-24,2018:Q3,2.34749028234329,1.93560685773586
2018-08-27,2018:Q3,2.34375217648781,1.93333247728649
2018-08-28,2018:Q3,2.38061366454416,1.95575649555453
2018-08-29,2018:Q3,2.37099424848528,1.94990417119489
2018-08-30,2018:Q3,2.40531588229422,1.90213169841558
2018-08-31,2018:Q3,2.42671555736818,1.91510909824393
2018-09-04,2018:Q3,2.42427655093631,1.91363005226022
2018-09-05,2018:Q3,2.28164092213912,1.82711595264549
2018-09-06,2018:Q3,2.28164092213912,1.82711595264549
2018-09-07,2018:Q3,2.28164092213912,1.82711595264549
2018-09-10,2018:Q3,2.28164092213912,1.82711595264549
2018-09-11,2018:Q3,2.28902543626179,1.83159581706924
2018-09-12,2018:Q3,2.28902543626179,1.83159581706924
2018-09-13,2018:Q3,2.12130152648136,1.72596206300744
2018-09-14,2018:Q3,2.12130152648136,1.72596206300744
2018-09-17,2018:Q3,2.12130152648136,1.72596206300744
2018-09-18,2018:Q3,2.12877315342292,1.73049031657022
2018-09-19,2018:Q3,2.12877315342292,1.73049031657022
2018-09-20,2018:Q3,2.12877315342292,1.73049031657022
2018-09-21,2018:Q3,2.12877315342292,1.73049031657022
2018-09-24,2018:Q3,2.12877315342292,1.73049031657022
2018-09-25,2018:Q3,2.13333934949276,1.73325765705825
2018-09-26,2018:Q3,2.13333934949276,1.73325765705825
2018-09-27,2018:Q3,2.13333934949276,1.73325765705825
2018-09-28,2018:Q3,2.13333934949276,1.60323300973448
2018-10-01,2018:Q3,2.13333934949276,1.60323300973448
2018-10-02,2018:Q3,2.13333934949276,1.60323300973448
2018-10-03,2018:Q3,2.13333934949276,1.60323300973448
2018-10-04,2018:Q3,2.13333934949276,1.60323300973448
2018-10-05,2018:Q3,2.13333934949276,1.60323300973448
2018-10-09,2018:Q3,2.13333934949276,1.60323300973448
2018-10-10,2018:Q3,2.13333934949276,1.60323300973448
2018-10-11,2018:Q3,,1.51073700503948
2018-10-12,2018:Q3,,1.51073700503948
2018-10-15,2018:Q3,,1.51073700503948
2018-10-16,2018:Q3,,1.51073700503948
2018-10-17,2018:Q3,,1.51073700503948
2018-10-18,2018:Q3,,1.51073700503948
2018-10-19,2018:Q3,,1.51073700503948
2018-10-22,2018:Q3,,1.51073700503948
2018-10-23,2018:Q3,,1.51073700503948
2018-10-24,2018:Q3,,1.51073700503948
2018-10-25,2018:Q3,,1.51073700503948
2018-10-26,2018:Q3,,
2018-10-01,2018:Q4,3.16462735441725,2.349829861645
2018-10-02,2018:Q4,3.31954432404997,2.4388010395801
2018-10-03,2018:Q4,3.29095547689653,2.42162978116292
2018-10-04,2018:Q4,3.38310572141038,2.47697256004167
2018-10-05,2018:Q4,3.28310041946107,2.41691155917985
2018-10-09,2018:Q4,3.24228283631549,2.39239227897055
2018-10-10,2018:Q4,3.3920763578176,2.48236452793817
2018-10-11,2018:Q4,2.93117100673237,2.18288378704048
2018-10-12,2018:Q4,2.74942043164879,2.07351866886532
2018-10-15,2018:Q4,2.80595803359476,2.10754550470893
2018-10-16,2018:Q4,2.82402147348086,2.11841403984196
2018-10-17,2018:Q4,2.87751702403258,2.15060322502421
2018-10-18,2018:Q4,2.78937495294878,2.09756389513358
2018-10-19,2018:Q4,2.77238506602717,2.08733865738384
2018-10-22,2018:Q4,2.80276720470265,2.10562355717012
2018-10-23,2018:Q4,2.77993964913643,2.09187519620362
2018-10-24,2018:Q4,2.56211195778673,1.9607284990782
2018-10-25,2018:Q4,2.54410630083486,1.94988407713792
2018-10-26,2018:Q4,2.61677245395815,1.99364576686791
2018-10-29,2018:Q4,2.67204986062841,2.18016445122251
2018-10-30,2018:Q4,2.56652403093733,2.11669120016127
2018-10-31,2018:Q4,2.53096877078616,2.09530419018131
2018-11-01,2018:Q4,2.46131391250171,2.05339914302798
2018-11-02,2018:Q4,2.39406122787587,2.0099976571075
2018-11-05,2018:Q4,2.38795066796802,2.00632070758213
2018-11-06,2018:Q4,2.48385138381182,2.06401903189741
2018-11-07,2018:Q4,2.45839278840054,2.04870465874445
2018-11-08,2018:Q4,2.46464245972544,2.05246419306644
2018-11-09,2018:Q4,2.42086010769442,2.02612517416305
2018-11-13,2018:Q4,2.40592744551589,2.01714107126656
2018-11-14,2018:Q4,2.32292052086884,1.94135961693729
2018-11-15,2018:Q4,2.36559356619568,1.9670120145912
2018-11-16,2018:Q4,2.39752045798787,1.98620240896905
2018-11-19,2018:Q4,2.41724298333525,1.99805619836919
2018-11-20,2018:Q4,2.32497981462649,1.94259342690339
2018-11-21,2018:Q4,2.16889922477443,1.84872470832023
2018-11-23,2018:Q4,2.1930593530499,1.86325768438429
2018-11-26,2018:Q4,2.08237978117418,1.7966725164885
2018-11-27,2018:Q4,2.04232902937229,1.77256363297607
2018-11-28,2018:Q4,2.0449106717108,1.77411744850813
2018-11-29,2018:Q4,2.0025006169627,1.45715590880224
2018-11-30,2018:Q4,2.04769266530238,1.48433093698872
2018-12-03,2018:Q4,2.02837658091668,1.47271616364548
2018-12-04,2018:Q4,1.9344048482749,1.41620159716997
2018-12-05,2018:Q4,1.9344048482749,1.41620159716997
2018-12-06,2018:Q4,1.9344048482749,1.41620159716997
2018-12-07,2018:Q4,1.9344048482749,1.41620159716997
2018-12-10,2018:Q4,1.9344048482749,1.41620159716997
2018-12-11,2018:Q4,1.9048432438715,1.39842006436239
2018-12-12,2018:Q4,1.76820556352688,1.33372906858513
2018-12-13,2018:Q4,1.76820556352688,1.33372906858513
2018-12-14,2018:Q4,1.76820556352688,1.33372906858513
2018-12-17,2018:Q4,1.76820556352688,1.33372906858513
2018-12-18,2018:Q4,1.7272642905839,1.30923882671155
2018-12-19,2018:Q4,1.7272642905839,1.30923882671155
2018-12-20,2018:Q4,1.7272642905839,1.30923882671155
2018-12-21,2018:Q4,1.7272642905839,1.30923882671155
2018-12-24,2018:Q4,1.7272642905839,1.38637188371233
2018-12-26,2018:Q4,1.7272642905839,1.38637188371233
2018-12-27,2018:Q4,1.6854259806395,1.36158154851083
2018-12-28,2018:Q4,1.6854259806395,1.36158154851083
2018-12-31,2018:Q4,1.6854259806395,1.36158154851083
2019-01-02,2018:Q4,1.64032782951333,1.33485619419718
2019-01-03,2018:Q4,1.64032782951333,1.33485619419718
2019-01-04,2018:Q4,1.64032782951333,1.33485619419718
2019-01-07,2018:Q4,1.64032782951333,1.33485619419718
2019-01-08,2018:Q4,1.64032782951333,1.33485619419718
2019-01-09,2018:Q4,1.64032782951333,1.33485619419718
2019-01-10,2018:Q4,1.64032782951333,1.33485619419718
2019-01-11,2018:Q4,,1.41569262470151
2019-01-14,2018:Q4,,1.41569262470151
2019-01-15,2018:Q4,,1.41569262470151
2019-01-16,2018:Q4,,1.41569262470151
2019-01-17,2018:Q4,,1.41569262470151
2019-01-18,2018:Q4,,1.41569262470151
2019-01-22,2018:Q4,,1.41569262470151
2019-01-23,2018:Q4,,1.41569262470151
2019-01-24,2018:Q4,,1.41569262470151
2019-01-25,2018:Q4,,1.41569262470151
2019-01-28,2018:Q4,,1.41569262470151
2019-01-29,2018:Q4,,1.41569262470151
2019-01-30,2018:Q4,,1.41569262470151
2019-01-31,2018:Q4,,1.41569262470151
2019-02-01,2018:Q4,,1.41569262470151
2019-02-04,2018:Q4,,1.41569262470151
2019-02-05,2018:Q4,,1.41569262470151
2019-02-06,2018:Q4,,1.41569262470151
2019-02-07,2018:Q4,,1.41569262470151
2019-02-08,2018:Q4,,1.41569262470151
2019-02-11,2018:Q4,,1.4191783377667
2019-02-12,2018:Q4,,1.4191783377667
2019-02-13,2018:Q4,,1.4191783377667
2019-02-14,2018:Q4,,1.4191783377667
2019-02-15,2018:Q4,,1.4191783377667
2019-02-19,2018:Q4,,1.4191783377667
2019-02-20,2018:Q4,,1.4191783377667
2019-02-21,2018:Q4,,1.4191783377667
2019-02-22,2018:Q4,,1.4191783377667
2019-02-25,2018:Q4,,1.4191783377667
2019-02-26,2018:Q4,,1.4191783377667
2019-02-27,2018:Q4,,1.4191783377667
2019-02-28,2018:Q4,,
2019-01-02,2019:Q1,1.0539992325485,1.17596480612869
2019-01-03,2019:Q1,1.03160507414195,1.15881231607238
2019-01-04,2019:Q1,1.13844897838971,1.22242281319327
2019-01-07,2019:Q1,1.26940077645625,1.30035217273832
2019-01-08,2019:Q1,0.730220928071246,0.97924321824312
2019-01-09,2019:Q1,0.814013738656172,1.02919473515048
2019-01-10,2019:Q1,1.02796658409228,1.15667932575683
2019-01-11,2019:Q1,1.33667681970313,1.35409391594243
2019-01-14,2019:Q1,1.21846866982975,1.28416944599992
2019-01-15,2019:Q1,1.07838694636626,1.20126561099083
2019-01-16,2019:Q1,1.19085589283876,1.26782338955937
2019-01-17,2019:Q1,1.2640240511234,1.31111078660628
2019-01-18,2019:Q1,1.26454222090668,1.31141730822986
2019-01-22,2019:Q1,1.35900025146689,1.36728530644685
2019-01-23,2019:Q1,1.22694319603254,1.28917046081896
2019-01-24,2019:Q1,1.19647409483639,1.27114380158357
2019-01-25,2019:Q1,1.18927148463082,1.26688221564271
2019-01-28,2019:Q1,1.22799921466192,1.28979520994037
2019-01-29,2019:Q1,1.07884526519877,1.20153165230263
2019-01-30,2019:Q1,1.18367191479014,1.26356608977678
2019-01-31,2019:Q1,1.25564833978982,1.30614853512043
2019-02-01,2019:Q1,1.16192199245897,1.25069657827028
2019-02-04,2019:Q1,1.24691925380982,1.29798168869899
2019-02-05,2019:Q1,0.645163169223295,0.941638623020791
2019-02-06,2019:Q1,0.627039963809484,0.930895326819425
2019-02-07,2019:Q1,0.653503346753204,0.946582416479691
2019-02-08,2019:Q1,0.617728296356868,0.925375211466029
2019-02-11,2019:Q1,0.670589653122278,0.809653642517816
2019-02-12,2019:Q1,0.68156912013233,0.817896100121018
2019-02-13,2019:Q1,0.481332358732334,0.711783016244683
2019-02-14,2019:Q1,0.518504869527847,0.739528796636457
2019-02-15,2019:Q1,0.556208336490571,0.76766887929296
2019-02-19,2019:Q1,0.607633845575406,0.80604718861863
2019-02-20,2019:Q1,0.648033420332483,0.836188591296283
2019-02-21,2019:Q1,0.670389468336996,0.852869266716683
2019-02-22,2019:Q1,0.664138018166827,0.848204899634775
2019-02-25,2019:Q1,0.651515319959572,0.838786612194276
2019-02-26,2019:Q1,0.639834546430906,0.830072862721121
2019-02-27,2019:Q1,0.665921216220444,0.849535567501558
2019-02-28,2019:Q1,0.709247018956694,0.881857885963577
2019-03-01,2019:Q1,0.697427950732221,1.00066552291729
2019-03-04,2019:Q1,0.642759445612828,0.960917456608557
2019-03-05,2019:Q1,0.646376545464666,0.963547494662365
2019-03-06,2019:Q1,0.646376545464666,0.963547494662365
2019-03-07,2019:Q1,0.646376545464666,0.963547494662365
2019-03-08,2019:Q1,0.646376545464666,0.963547494662365
2019-03-11,2019:Q1,0.646376545464666,0.963547494662365
2019-03-12,2019:Q1,0.648181778602841,0.962315300070538
2019-03-13,2019:Q1,0.648181778602841,0.962315300070538
2019-03-14,2019:Q1,0.648181778602841,0.962315300070538
2019-03-15,2019:Q1,0.648181778602841,0.962315300070538
2019-03-18,2019:Q1,0.648181778602841,0.962315300070538
2019-03-19,2019:Q1,0.708591719792984,1.00610313784639
2019-03-20,2019:Q1,0.708591719792984,1.00610313784639
2019-03-21,2019:Q1,0.708591719792984,1.00610313784639
2019-03-22,2019:Q1,0.708591719792984,1.00610313784639
2019-03-25,2019:Q1,0.708591719792984,1.00610313784639
2019-03-26,2019:Q1,0.773433624382824,1.05309738287525
2019-03-27,2019:Q1,0.773433624382824,1.05309738287525
2019-03-28,2019:Q1,0.773433624382824,1.05309738287525
2019-03-29,2019:Q1,0.773433624382824,0.726718285096428
2019-04-01,2019:Q1,0.773433624382824,0.726718285096428
2019-04-02,2019:Q1,0.773433624382824,0.726718285096428
2019-04-03,2019:Q1,0.773433624382824,0.726718285096428
2019-04-04,2019:Q1,0.773433624382824,0.726718285096428
2019-04-05,2019:Q1,0.773433624382824,0.726718285096428
2019-04-08,2019:Q1,0.773433624382824,0.726718285096428
2019-04-09,2019:Q1,0.773433624382824,0.726718285096428
2019-04-10,2019:Q1,,0.794498298491941
2019-04-11,2019:Q1,,0.794498298491941
2019-04-12,2019:Q1,,0.794498298491941
2019-04-15,2019:Q1,,0.794498298491941
2019-04-16,2019:Q1,,0.794498298491941
2019-04-17,2019:Q1,,0.794498298491941
2019-04-18,2019:Q1,,0.794498298491941
2019-04-19,2019:Q1,,0.794498298491941
2019-04-22,2019:Q1,,0.794498298491941
2019-04-23,2019:Q1,,0.794498298491941
2019-04-24,2019:Q1,,0.794498298491941
2019-04-25,2019:Q1,,0.794498298491941
2019-04-26,2019:Q1,,
2019-04-01,2019:Q2,2.27708008714971,1.85940836252456
2019-04-02,2019:Q2,2.66989186010664,2.12609035175677
2019-04-03,2019:Q2,2.69170185305061,2.14140109619019
2019-04-04,2019:Q2,2.68058969493563,2.13360038838752
2019-04-05,2019:Q2,2.67675679693022,2.13090965849905
2019-04-08,2019:Q2,2.74572549771772,2.17932280711199
2019-04-09,2019:Q2,2.89779426898813,2.28609696796107
2019-04-10,2019:Q2,3.12521204182528,2.42697034492736
2019-04-11,2019:Q2,3.19920913240213,2.4775020338651
2019-04-12,2019:Q2,3.12540879232019,2.42710471507648
2019-04-15,2019:Q2,3.17505344358144,2.46100738503168
2019-04-16,2019:Q2,3.31916246459443,2.55950940393672
2019-04-17,2019:Q2,3.35319220643122,2.58273495633079
2019-04-18,2019:Q2,3.33786372097356,2.57227338109187
2019-04-19,2019:Q2,3.36313461668181,2.5895203742045
2019-04-22,2019:Q2,3.3518865072423,2.58184384123106
2019-04-23,2019:Q2,3.61923798470587,2.76431879417931
2019-04-24,2019:Q2,3.62599723625132,2.76892852818365
2019-04-25,2019:Q2,3.62360270752153,2.76729549471979
2019-04-26,2019:Q2,3.59335014156428,2.74666289791865
2019-04-29,2019:Q2,3.41372767895751,2.16069265084131
2019-04-30,2019:Q2,3.51709026794136,2.22876760023878
2019-05-01,2019:Q2,3.52323819095433,2.23280978323526
2019-05-02,2019:Q2,3.60344285913714,2.27830613044837
2019-05-03,2019:Q2,3.52161403943316,2.22451454548604
2019-05-06,2019:Q2,3.52640028339668,2.22766356820798
2019-05-07,2019:Q2,3.87537071139283,2.45697770989486
2019-05-08,2019:Q2,3.81811143292012,2.41937394192226
2019-05-09,2019:Q2,3.84266532479687,2.43549980529265
2019-05-10,2019:Q2,3.32375620188616,2.08102582063765
2019-05-13,2019:Q2,3.33603974224153,2.08909498086907
2019-05-14,2019:Q2,3.28181390575928,2.05346254071181
2019-05-15,2019:Q2,3.31979998251646,2.07841911906201
2019-05-16,2019:Q2,3.34058389817702,2.09207302577308
2019-05-17,2019:Q2,3.36478181865842,2.1079688793916
2019-05-20,2019:Q2,3.36163829861333,2.10590392279038
2019-05-21,2019:Q2,3.30713571227292,2.07009550061272
2019-05-22,2019:Q2,3.30687040616768,2.06992119221139
2019-05-23,2019:Q2,3.26416477744116,2.04186175893595
2019-05-24,2019:Q2,3.1512395352618,1.96765096686158
2019-05-28,2019:Q2,3.20030075057354,1.99989490703889
2019-05-29,2019:Q2,3.21698691365846,2.01085545992215
2019-05-30,2019:Q2,3.1908439626394,1.99367415526748
2019-05-31,2019:Q2,3.04505875734686,2.25909585309212
2019-06-03,2019:Q2,2.94340701782263,2.1937128753964
2019-06-04,2019:Q2,3.21132316625166,2.36600138769241
2019-06-05,2019:Q2,3.21132316625166,2.36600138769241
2019-06-06,2019:Q2,3.21132316625166,2.36600138769241
2019-06-07,2019:Q2,3.21132316625166,2.36600138769241
2019-06-10,2019:Q2,3.21132316625166,2.36600138769241
2019-06-11,2019:Q2,3.15352312660564,2.32884198179097
2019-06-12,2019:Q2,2.977582606955,2.25892025310921
2019-06-13,2019:Q2,2.977582606955,2.25892025310921
2019-06-14,2019:Q2,2.977582606955,2.25892025310921
2019-06-17,2019:Q2,2.977582606955,2.25892025310921
2019-06-18,2019:Q2,2.92549005056129,2.22597569220029
2019-06-19,2019:Q2,2.92549005056129,2.22597569220029
2019-06-20,2019:Q2,2.92549005056129,2.22597569220029
2019-06-21,2019:Q2,2.92549005056129,2.22597569220029
2019-06-24,2019:Q2,2.92549005056129,2.22597569220029
2019-06-25,2019:Q2,2.89227808006376,2.20496928800706
2019-06-26,2019:Q2,2.89227808006376,2.20496928800706
2019-06-27,2019:Q2,2.89227808006376,2.20496928800706
2019-06-28,2019:Q2,2.89227808006376,2.48502029578257
2019-07-01,2019:Q2,2.89227808006376,2.48502029578257
2019-07-02,2019:Q2,2.89227808006376,2.48502029578257
2019-07-03,2019:Q2,2.89227808006376,2.48502029578257
2019-07-05,2019:Q2,2.89227808006376,2.48502029578257
2019-07-08,2019:Q2,2.89227808006376,2.48502029578257
2019-07-09,2019:Q2,2.89227808006376,2.48502029578257
2019-07-10,2019:Q2,2.89227808006376,2.48502029578257
2019-07-11,2019:Q2,,2.52135921538577
2019-07-12,2019:Q2,,2.52135921538577
2019-07-15,2019:Q2,,2.52135921538577
2019-07-16,2019:Q2,,2.52135921538577
2019-07-17,2019:Q2,,2.52135921538577
2019-07-18,2019:Q2,,2.52135921538577
2019-07-19,2019:Q2,,2.52135921538577
2019-07-22,2019:Q2,,2.52135921538577
2019-07-23,2019:Q2,,2.52135921538577
2019-07-24,2019:Q2,,2.52135921538577
2019-07-25,2019:Q2,,2.52135921538577
2019-07-26,2019:Q2,,
2019-07-01,2019:Q3,1.47959715349133,1.43302407236638
2019-07-02,2019:Q3,1.63447499006153,1.51429345559795
2019-07-03,2019:Q3,1.51080606530987,1.43582727061817
2019-07-05,2019:Q3,1.58343223677313,1.48191084025007
2019-07-08,2019:Q3,1.65835034949704,1.52943890821819
2019-07-09,2019:Q3,1.68645901639144,1.54727765098623
2019-07-10,2019:Q3,1.70270121995484,1.55757897526971
2019-07-11,2019:Q3,1.97735714002454,1.77159715288242
2019-07-12,2019:Q3,1.94741507813101,1.75315721066596
2019-07-15,2019:Q3,1.94449854747887,1.7513609669215
2019-07-16,2019:Q3,1.97001851877547,1.76708690988643
2019-07-17,2019:Q3,1.85616587442436,1.69696511430417
2019-07-18,2019:Q3,1.76154567869609,1.63867078365025
2019-07-19,2019:Q3,1.62331468031927,1.55347929869794
2019-07-22,2019:Q3,1.70761444352396,1.60543718259378
2019-07-23,2019:Q3,1.75183550627509,1.63268921947997
2019-07-24,2019:Q3,1.81260539950081,1.6701315262255
2019-07-25,2019:Q3,1.76808262975321,1.64270025365616
2019-07-26,2019:Q3,1.78168673728789,1.65108236674458
2019-07-29,2019:Q3,1.78804082590482,1.65499729694556
2019-07-30,2019:Q3,1.77532457002894,1.63971388260884
2019-07-31,2019:Q3,1.84834188665464,1.68017528021289
2019-08-01,2019:Q3,1.85609133514022,1.6844689249758
2019-08-02,2019:Q3,1.50802528207581,1.4923642297396
2019-08-05,2019:Q3,1.55050953702247,1.51593091451483
2019-08-06,2019:Q3,1.63443574465059,1.5624899461044
2019-08-07,2019:Q3,1.62247720994397,1.55586053597527
2019-08-08,2019:Q3,1.54517480146081,1.51300038905671
2019-08-09,2019:Q3,1.59313842825937,1.53959499674725
2019-08-12,2019:Q3,1.63356937217729,1.56200966704645
2019-08-13,2019:Q3,2.0172341314602,1.82858406423352
2019-08-14,2019:Q3,2.11438686915801,1.88194509716713
2019-08-15,2019:Q3,2.0381905288992,1.84009579118358
2019-08-16,2019:Q3,1.99840589853553,1.81824069629892
2019-08-19,2019:Q3,2.02409341538343,1.83235208034751
2019-08-20,2019:Q3,2.00623970554443,1.82253876360805
2019-08-21,2019:Q3,2.01716889682493,1.82854333161824
2019-08-22,2019:Q3,2.02010093188369,1.83015417364345
2019-08-23,2019:Q3,2.00845133289049,1.82375386340874
2019-08-26,2019:Q3,2.01198081771401,1.82569299461885
2019-08-27,2019:Q3,1.92171245937571,1.77608876062207
2019-08-28,2019:Q3,1.94833104345364,1.79071815968912
2019-08-29,2019:Q3,1.98181827582131,1.80912069356389
2019-08-30,2019:Q3,1.98278889020522,1.63985682503993
2019-09-03,2019:Q3,1.91046098989951,1.60017385508611
2019-09-04,2019:Q3,1.90798969461845,1.59881780203928
2019-09-05,2019:Q3,1.90798969461845,1.59881780203928
2019-09-06,2019:Q3,1.90798969461845,1.59881780203928
2019-09-09,2019:Q3,1.90798969461845,1.59881780203928
2019-09-10,2019:Q3,1.89632363038279,1.59241623112667
2019-09-11,2019:Q3,1.89632363038279,1.59241623112667
2019-09-12,2019:Q3,1.8313234686441,1.60772976028016
2019-09-13,2019:Q3,1.8313234686441,1.60772976028016
2019-09-16,2019:Q3,1.8313234686441,1.60772976028016
2019-09-17,2019:Q3,1.82858082224975,1.60622069569745
2019-09-18,2019:Q3,1.82858082224975,1.60622069569745
2019-09-19,2019:Q3,1.82858082224975,1.60622069569745
2019-09-20,2019:Q3,1.82858082224975,1.60622069569745
2019-09-23,2019:Q3,1.82858082224975,1.60622069569745
2019-09-24,2019:Q3,1.87338431807835,1.63087085554645
2019-09-25,2019:Q3,1.87338431807835,1.63087085554645
2019-09-26,2019:Q3,1.87338431807835,1.63087085554645
2019-09-27,2019:Q3,1.87338431807835,1.64364666152887
2019-09-30,2019:Q3,1.87338431807835,1.64364666152887
2019-10-01,2019:Q3,1.89881001689065,1.65770266467637
2019-10-02,2019:Q3,1.89881001689065,1.65770266467637
2019-10-03,2019:Q3,1.89881001689065,1.65770266467637
2019-10-04,2019:Q3,1.89881001689065,1.65770266467637
2019-10-07,2019:Q3,1.89881001689065,1.65770266467637
2019-10-08,2019:Q3,1.89881001689065,1.65770266467637
2019-10-09,2019:Q3,1.89881001689065,1.65770266467637
2019-10-10,2019:Q3,,1.6089250442666
2019-10-11,2019:Q3,,1.6089250442666
2019-10-15,2019:Q3,,1.6089250442666
2019-10-16,2019:Q3,,1.6089250442666
2019-10-17,2019:Q3,,1.6089250442666
2019-10-18,2019:Q3,,1.6089250442666
2019-10-21,2019:Q3,,1.6089250442666
2019-10-22,2019:Q3,,1.6089250442666
2019-10-23,2019:Q3,,1.6089250442666
2019-10-24,2019:Q3,,1.6089250442666
2019-10-25,2019:Q3,,1.6089250442666
2019-10-28,2019:Q3,,1.6089250442666
2019-10-29,2019:Q3,,1.6089250442666
2019-10-30,2019:Q3,,
2019-10-01,2019:Q4,1.57285624746237,1.27389466310086
2019-10-02,2019:Q4,1.87374610968258,1.4381672059899
2019-10-03,2019:Q4,1.72456750633974,1.35580152244317
2019-10-04,2019:Q4,1.73287530923161,1.36039279782632
2019-10-07,2019:Q4,1.78321988872856,1.3881968711821
2019-10-08,2019:Q4,2.48550875511779,1.77553916020146
2019-10-09,2019:Q4,2.47054891763629,1.76730429453162
2019-10-10,2019:Q4,2.30170104244203,1.67244252112264
2019-10-11,2019:Q4,2.36068783340031,1.70342728746324
2019-10-15,2019:Q4,2.332211796032,1.68847012400388
2019-10-16,2019:Q4,2.26041310586982,1.65072889897564
2019-10-17,2019:Q4,2.31342234294363,1.67857949849128
2019-10-18,2019:Q4,2.35522931836973,1.70054078935116
2019-10-21,2019:Q4,2.29831867919355,1.67064470258156
2019-10-22,2019:Q4,2.26596182421117,1.65364485344699
2019-10-23,2019:Q4,2.31261269755318,1.67815458883047
2019-10-24,2019:Q4,2.44031781001814,1.74522814287272
2019-10-25,2019:Q4,2.47598459564746,1.76395564448568
2019-10-28,2019:Q4,2.50362641599127,1.778467844964
2019-10-29,2019:Q4,2.40735380709975,1.72789577041859
2019-10-30,2019:Q4,2.39565979948029,1.72175395671061
2019-10-31,2019:Q4,2.2794898274213,1.42348997194339
2019-11-01,2019:Q4,2.22120705308173,1.39280209962482
2019-11-04,2019:Q4,2.54571319382593,1.56245574229661
2019-11-05,2019:Q4,2.47924662244421,1.52749416217586
2019-11-06,2019:Q4,2.5043576127374,1.54069760372584
2019-11-07,2019:Q4,2.45985675401388,1.51729812632322
2019-11-08,2019:Q4,2.47263229355634,1.52401613677473
2019-11-12,2019:Q4,2.4717461751846,1.52355018142951
2019-11-13,2019:Q4,2.63868862070762,1.73433396255733
2019-11-14,2019:Q4,2.65782316218559,1.74447388650119
2019-11-15,2019:Q4,2.65007753480564,1.74036934331114
2019-11-18,2019:Q4,2.69066314063997,1.7618751640774
2019-11-19,2019:Q4,2.62459398405774,1.72686048367829
2019-11-20,2019:Q4,2.56962237696357,1.69772322216977
2019-11-21,2019:Q4,2.63448616455435,1.73210317662063
2019-11-22,2019:Q4,2.69847468703115,1.76601178233855
2019-11-25,2019:Q4,2.67703561238721,1.75465167380475
2019-11-26,2019:Q4,2.65673195324025,1.74389009327531
2019-11-27,2019:Q4,2.67987232037776,1.45804807642425
2019-11-29,2019:Q4,2.63403621152263,1.43403836262692
2019-12-02,2019:Q4,2.52933794688177,1.37918149494134
2019-12-03,2019:Q4,2.57533225822157,1.4032827380708
2019-12-04,2019:Q4,2.57533225822157,1.4032827380708
2019-12-05,2019:Q4,2.57533225822157,1.4032827380708
2019-12-06,2019:Q4,2.57533225822157,1.4032827380708
2019-12-09,2019:Q4,2.57533225822157,1.4032827380708
2019-12-10,2019:Q4,2.56019585990677,1.3953516122577
2019-12-11,2019:Q4,2.63451210015746,1.48755588116281
2019-12-12,2019:Q4,2.63451210015746,1.48755588116281
2019-12-13,2019:Q4,2.63451210015746,1.48755588116281
2019-12-16,2019:Q4,2.63451210015746,1.48755588116281
2019-12-17,2019:Q4,2.61264228449996,1.47620821678258
2019-12-18,2019:Q4,2.61264228449996,1.47620821678258
2019-12-19,2019:Q4,2.61264228449996,1.47620821678258
2019-12-20,2019:Q4,2.61264228449996,1.64052658407134
2019-12-23,2019:Q4,2.61264228449996,1.64031225386916
2019-12-24,2019:Q4,2.59868107656662,1.63305758740953
2019-12-26,2019:Q4,2.59868107656662,1.63305758740953
2019-12-27,2019:Q4,2.59868107656662,1.63305758740953
2019-12-30,2019:Q4,2.59868107656662,1.63305758740953
2019-12-31,2019:Q4,2.60524098477593,1.63646635821926
2020-01-02,2019:Q4,2.60524098477593,1.63646635821926
2020-01-03,2019:Q4,2.60524098477593,1.63646635821926
2020-01-06,2019:Q4,2.60524098477593,1.63646635821926
2020-01-07,2019:Q4,2.60524098477593,1.63646635821926
2020-01-08,2019:Q4,2.60524098477593,1.63646635821926
2020-01-09,2019:Q4,2.60524098477593,1.63646635821926
2020-01-10,2019:Q4,2.60524098477593,1.63646635821926
2020-01-13,2019:Q4,2.60524098477593,1.63646635821926
2020-01-14,2019:Q4,,1.64434032622622
2020-01-15,2019:Q4,,1.64434032622622
2020-01-16,2019:Q4,,1.64434032622622
2020-01-17,2019:Q4,,1.64434032622622
2020-01-21,2019:Q4,,1.64434032622622
2020-01-22,2019:Q4,,1.64434032622622
2020-01-23,2019:Q4,,1.64434032622622
2020-01-24,2019:Q4,,1.64434032622622
2020-01-27,2019:Q4,,1.64434032622622
2020-01-28,2019:Q4,,1.64434032622622
2020-01-29,2019:Q4,,1.64434032622622
2020-01-30,2019:Q4,,
2020-01-02,2020:Q1,2.90768198164197,1.91002086507694
2020-01-03,2020:Q1,2.74410422846596,1.8217275182681
2020-01-06,2020:Q1,2.97422058506036,1.9413660881501
2020-01-07,2020:Q1,2.78067910248554,1.8406986468166
2020-01-08,2020:Q1,2.7174699850167,1.8078269078315
2020-01-09,2020:Q1,2.50464860567199,1.69709461053928
2020-01-10,2020:Q1,2.50410687950242,1.69681263848969
2020-01-13,2020:Q1,2.4803854075266,1.68446491459102
2020-01-14,2020:Q1,2.28653162845212,1.64868259520419
2020-01-15,2020:Q1,2.33823751353293,1.67599696585237
2020-01-16,2020:Q1,2.31063624159733,1.6614168271007
2020-01-17,2020:Q1,2.34482934394029,1.67947883240194
2020-01-21,2020:Q1,2.40708435454551,1.71235847904458
2020-01-22,2020:Q1,2.30531902403788,1.65858446856557
2020-01-23,2020:Q1,2.19582634902733,1.60072616887017
2020-01-24,2020:Q1,2.11575549980909,1.55840068429443
2020-01-27,2020:Q1,1.99830326492714,1.49629347227584
2020-01-28,2020:Q1,1.82336013524509,1.40369655165613
2020-01-29,2020:Q1,1.86185076251795,1.42406729193782
2020-01-30,2020:Q1,1.90414537066625,1.44644800893408
2020-01-31,2020:Q1,1.72406474365265,1.56338072832423
2020-02-03,2020:Q1,1.66250496576614,1.53078684946264
2020-02-04,2020:Q1,1.63400534306921,1.51501385780126
2020-02-05,2020:Q1,1.62353588281958,1.50946584727578
2020-02-06,2020:Q1,1.66965677262161,1.53390487052538
2020-02-07,2020:Q1,1.65284896618598,1.52499902502736
2020-02-10,2020:Q1,1.63105398386181,1.5134498842716
2020-02-11,2020:Q1,1.75000274830321,1.51923315690059
2020-02-12,2020:Q1,1.777651774638,1.53567491414655
2020-02-13,2020:Q1,1.78478295340527,1.6007113367656
2020-02-14,2020:Q1,1.7984876181496,1.60972128622381
2020-02-18,2020:Q1,1.82553488757824,1.62750224243156
2020-02-19,2020:Q1,1.81668101351258,1.62168245490937
2020-02-20,2020:Q1,1.85966920799445,1.64994155003262
2020-02-21,2020:Q1,1.85641892014039,1.64780501911517
2020-02-24,2020:Q1,1.82411705608396,1.6265708952639
2020-02-25,2020:Q1,1.77663748373833,1.59535597335811
2020-02-26,2020:Q1,1.72115892823135,1.55887898222311
2020-02-27,2020:Q1,1.67913045063668,1.53124198742622
2020-02-28,2020:Q1,1.66416512757881,1.35565067636709
2020-03-02,2020:Q1,1.58038558823219,1.30210411131364
2020-03-03,2020:Q1,1.73608303184272,1.40160656082298
2020-03-04,2020:Q1,1.73608303184272,1.40160656082298
2020-03-05,2020:Q1,1.73608303184272,1.40160656082298
2020-03-06,2020:Q1,1.73608303184272,1.40160656082298
2020-03-09,2020:Q1,1.73608303184272,1.40160656082298
2020-03-10,2020:Q1,1.69899116638683,1.37790577415386
2020-03-11,2020:Q1,1.77668141682668,1.46539002371338
2020-03-12,2020:Q1,1.77668141682668,1.46539002371338
2020-03-13,2020:Q1,1.77668141682668,1.46539002371338
2020-03-16,2020:Q1,1.77668141682668,1.46539002371338
2020-03-17,2020:Q1,1.69535410809976,1.41438643509484
2020-03-18,2020:Q1,1.69535410809976,1.41438643509484
2020-03-19,2020:Q1,1.69535410809976,1.41438643509484
2020-03-20,2020:Q1,1.69535410809976,1.41438643509484
2020-03-23,2020:Q1,1.69535410809976,1.41438643509484
2020-03-24,2020:Q1,1.60282121317821,1.35634157092224
2020-03-25,2020:Q1,1.60282121317821,1.35634157092224
2020-03-26,2020:Q1,1.60282121317821,1.35634157092224
2020-03-27,2020:Q1,1.60282121317821,1.57703930884119
2020-03-30,2020:Q1,1.60282121317821,1.57703930884119
2020-03-31,2020:Q1,1.60282121317821,1.57703930884119
2020-04-01,2020:Q1,1.50980288626141,1.51872155124049
2020-04-02,2020:Q1,1.50980288626141,1.51872155124049
2020-04-03,2020:Q1,1.50980288626141,1.51872155124049
2020-04-06,2020:Q1,1.50980288626141,1.51872155124049
2020-04-07,2020:Q1,1.50980288626141,1.51872155124049
2020-04-08,2020:Q1,1.50980288626141,1.51872155124049
2020-04-09,2020:Q1,1.50980288626141,1.51872155124049
2020-04-10,2020:Q1,,1.35078021883157
2020-04-13,2020:Q1,,1.35078021883157
2020-04-14,2020:Q1,,1.35078021883157
2020-04-15,2020:Q1,,1.35078021883157
2020-04-16,2020:Q1,,1.35078021883157
2020-04-17,2020:Q1,,1.35078021883157
2020-04-20,2020:Q1,,1.35078021883157
2020-04-21,2020:Q1,,1.35078021883157
2020-04-22,2020:Q1,,1.35078021883157
2020-04-23,2020:Q1,,1.35078021883157
2020-04-24,2020:Q1,,1.35078021883157
2020-04-27,2020:Q1,,1.35078021883157
2020-04-28,2020:Q1,,1.35078021883157
2020-04-29,2020:Q1,,
2020-04-01,2020:Q2,-1.13716886820571,-0.306224034827829
2020-04-02,2020:Q2,-1.54446582318484,-0.54125445414327
2020-04-03,2020:Q2,-1.07784021814726,-0.246120957372065
2020-04-06,2020:Q2,-0.668457898104191,0.0124195191769427
2020-04-07,2020:Q2,-0.742205419966091,-0.0342172998762602
2020-04-08,2020:Q2,-1.54712962765599,-0.542637500580834
2020-04-09,2020:Q2,-1.47765580000172,-0.498621937881882
2020-04-10,2020:Q2,-2.56401158246985,-0.992780216534239
2020-04-13,2020:Q2,-2.59504548559351,-1.01016206418902
2020-04-14,2020:Q2,-2.72415809779538,-1.0821943897226
2020-04-15,2020:Q2,-2.87801382616337,-1.1684556421666
2020-04-16,2020:Q2,-3.07149248056149,-1.27699985510068
2020-04-17,2020:Q2,-3.0550376079622,-1.26776549744013
2020-04-20,2020:Q2,-2.99936075930319,-1.23652410885784
2020-04-21,2020:Q2,-3.31880022014206,-1.41565523920882
2020-04-22,2020:Q2,-3.93009321274268,-1.75946120218284
2020-04-23,2020:Q2,-3.747745615294,-1.65682461328076
2020-04-24,2020:Q2,-3.61643846540413,-1.58295889755102
2020-04-27,2020:Q2,-3.57285207816846,-1.55844753131551
2020-04-28,2020:Q2,-3.8258720431635,-1.70063110522837
2020-04-29,2020:Q2,-3.76043976918687,-1.66380261529815
2020-04-30,2020:Q2,-3.38752828748576,-1.68067485417749
2020-05-01,2020:Q2,-3.19379235588094,-1.56847989027475
2020-05-04,2020:Q2,-2.92439843060778,-1.40762412317752
2020-05-05,2020:Q2,-3.0879771464247,-1.50219126696265
2020-05-06,2020:Q2,-2.96468789246251,-1.43081858720044
2020-05-07,2020:Q2,-3.04062713783949,-1.47477667955456
2020-05-08,2020:Q2,-3.06389360079238,-1.48824689700848
2020-05-11,2020:Q2,-2.99398788936214,-1.44777782941169
2020-05-12,2020:Q2,-3.77015540903199,-2.33365808227943
2020-05-13,2020:Q2,-3.76208120358772,-2.32906710051264
2020-05-14,2020:Q2,-3.80457337450791,-2.35322951391921
2020-05-15,2020:Q2,-3.71479854459223,-2.30218479729266
2020-05-18,2020:Q2,-3.65384484060721,-2.26753631722658
2020-05-19,2020:Q2,-3.4703973792291,-2.1633658646515
2020-05-20,2020:Q2,-3.4935235791212,-2.17650051315453
2020-05-21,2020:Q2,-3.45301642441318,-2.15349494167751
2020-05-22,2020:Q2,-3.45365580513709,-2.1538580458627
2020-05-26,2020:Q2,-3.49292008156448,-2.17615774031242
2020-05-27,2020:Q2,-3.3495652305666,-2.09483954824088
2020-05-28,2020:Q2,-3.43821244528781,-2.14515960694136
2020-05-29,2020:Q2,-3.37074764183167,-1.82694898949842
2020-06-01,2020:Q2,-3.32042377593772,-1.79844952073949
2020-06-02,2020:Q2,-3.38723664354386,-1.83628813103326
2020-06-03,2020:Q2,-3.38723664354386,-1.83628813103326
2020-06-04,2020:Q2,-3.38723664354386,-1.83628813103326
2020-06-05,2020:Q2,-3.38723664354386,-1.83628813103326
2020-06-08,2020:Q2,-3.38723664354386,-1.83628813103326
2020-06-09,2020:Q2,-3.31577387089794,-1.79581642975558
2020-06-10,2020:Q2,-3.68710159866701,-2.02389938256389
2020-06-11,2020:Q2,-3.68710159866701,-2.02389938256389
2020-06-12,2020:Q2,-3.68710159866701,-2.02389938256389
2020-06-15,2020:Q2,-3.68710159866701,-2.02389938256389
2020-06-16,2020:Q2,-3.61659286196071,-1.98271336579724
2020-06-17,2020:Q2,-3.61659286196071,-1.98271336579724
2020-06-18,2020:Q2,-3.61659286196071,-1.98271336579724
2020-06-19,2020:Q2,-3.61659286196071,-1.98271336579724
2020-06-22,2020:Q2,-3.61659286196071,-1.98271336579724
2020-06-23,2020:Q2,-3.56339674025011,-1.95164647111
2020-06-24,2020:Q2,-3.56339674025011,-1.95164647111
2020-06-25,2020:Q2,-3.56339674025011,-1.95164647111
2020-06-26,2020:Q2,-3.56339674025011,-1.64186093901169
2020-06-29,2020:Q2,-3.56339674025011,-1.64186093901169
2020-06-30,2020:Q2,-3.51110432250057,-1.6111485000452
2020-07-01,2020:Q2,-3.51110432250057,-1.6111485000452
2020-07-02,2020:Q2,-3.51110432250057,-1.6111485000452
2020-07-03,2020:Q2,-3.51110432250057,-1.6111485000452
2020-07-06,2020:Q2,-3.51110432250057,-1.6111485000452
2020-07-07,2020:Q2,-3.51110432250057,-1.6111485000452
2020-07-08,2020:Q2,-3.51110432250057,-1.6111485000452
2020-07-09,2020:Q2,-3.51110432250057,-1.6111485000452
2020-07-10,2020:Q2,-3.51110432250057,-1.6111485000452
2020-07-13,2020:Q2,-3.51110432250057,-1.6111485000452
2020-07-14,2020:Q2,,-1.6064500185563
2020-07-15,2020:Q2,,-1.6064500185563
2020-07-16,2020:Q2,,-1.6064500185563
2020-07-17,2020:Q2,,-1.6064500185563
2020-07-20,2020:Q2,,-1.6064500185563
2020-07-21,2020:Q2,,-1.6064500185563
2020-07-22,2020:Q2,,-1.6064500185563
2020-07-23,2020:Q2,,-1.6064500185563
2020-07-24,2020:Q2,,-1.6064500185563
2020-07-27,2020:Q2,,-1.6064500185563
2020-07-28,2020:Q2,,-1.6064500185563
2020-07-29,2020:Q2,,-1.6064500185563
2020-07-30,2020:Q2,,
2020-07-01,2020:Q3,2.5165112943929,1.95075357814529
2020-07-02,2020:Q3,3.12351020744319,2.30317887020102
2020-07-03,2020:Q3,3.22736375875032,2.36246557441657
2020-07-06,2020:Q3,3.22587637168432,2.36161884946091
2020-07-07,2020:Q3,3.41470084800328,2.46938870217306
2020-07-08,2020:Q3,3.39569218402076,2.4585494440303
2020-07-09,2020:Q3,3.42291480237036,2.4740723189272
2020-07-10,2020:Q3,3.33976341966957,2.42665351657643
2020-07-13,2020:Q3,3.42517289831592,2.47535986917296
2020-07-14,2020:Q3,3.22322926478502,2.36131270995081
2020-07-15,2020:Q3,3.23141384658787,2.36568755517423
2020-07-16,2020:Q3,3.30556348130731,2.40531654970586
2020-07-17,2020:Q3,3.2661066753243,2.38423027918586
2020-07-20,2020:Q3,3.25561798125409,2.37862448736581
2020-07-21,2020:Q3,3.27045188131159,2.38655322309012
2020-07-22,2020:Q3,3.35233691775365,2.43030975724796
2020-07-23,2020:Q3,3.34488500737475,2.42632822869393
2020-07-24,2020:Q3,3.2703794690504,2.38651452296881
2020-07-27,2020:Q3,3.25950046107895,2.38070021838879
2020-07-28,2020:Q3,3.26718521321727,2.38480280435101
2020-07-29,2020:Q3,3.24511222937736,2.3730053269615
2020-07-30,2020:Q3,3.24654445765036,2.37377084589159
2020-07-31,2020:Q3,3.26221245842102,2.3744760900168
2020-08-03,2020:Q3,3.25932261765862,2.37294891927453
2020-08-04,2020:Q3,3.26009077638669,2.37388032886032
2020-08-05,2020:Q3,3.26945894924087,2.37882841852681
2020-08-06,2020:Q3,3.2981588532945,2.3939861797809
2020-08-07,2020:Q3,3.29539767905427,2.39252793872509
2020-08-10,2020:Q3,3.28538576157489,2.38724029507527
2020-08-11,2020:Q3,3.26619295934412,2.37709877221459
2020-08-12,2020:Q3,4.56864652804068,3.3627585870436
2020-08-13,2020:Q3,4.59899374510393,3.37898024811796
2020-08-14,2020:Q3,4.57900759044516,3.36829712368441
2020-08-17,2020:Q3,4.57477538653659,3.3660348093637
2020-08-18,2020:Q3,4.58867064057171,3.37346098736866
2020-08-19,2020:Q3,4.58488045656955,3.37143499813559
2020-08-20,2020:Q3,4.57334682864756,3.36526970495943
2020-08-21,2020:Q3,4.56990384447831,3.36342921466206
2020-08-24,2020:Q3,4.5474762456815,3.35143975010965
2020-08-25,2020:Q3,4.58512602158401,3.37156898174837
2020-08-26,2020:Q3,4.62028668656658,3.39036225261149
2020-08-27,2020:Q3,4.60719769834856,3.38336648152429
2020-08-28,2020:Q3,4.60379490210305,3.35774001482487
2020-08-31,2020:Q3,4.61479442623574,3.36389230097611
2020-09-01,2020:Q3,4.628265693984,3.37143521426635
2020-09-02,2020:Q3,4.63418920579812,3.3747479507453
2020-09-03,2020:Q3,4.6075353832155,3.35984126359188
2020-09-04,2020:Q3,4.59615147550978,3.35347420717953
2020-09-08,2020:Q3,4.55980815429036,3.33314576042609
2020-09-09,2020:Q3,4.65264606464797,3.38506959664764
2020-09-10,2020:Q3,4.65264606464797,3.38506959664764
2020-09-11,2020:Q3,5.10463953052169,3.71403312502789
2020-09-14,2020:Q3,5.10463953052169,3.71403312502789
2020-09-15,2020:Q3,5.07745301884548,3.69877760082902
2020-09-16,2020:Q3,5.07745301884548,3.69877760082902
2020-09-17,2020:Q3,5.07745301884548,3.69877760082902
2020-09-18,2020:Q3,5.07745301884548,3.69877760082902
2020-09-21,2020:Q3,5.07745301884548,3.69877760082902
2020-09-22,2020:Q3,5.05868445811024,3.68824500685316
2020-09-23,2020:Q3,5.05868445811024,3.68824500685316
2020-09-24,2020:Q3,5.05868445811024,3.68824500685316
2020-09-25,2020:Q3,5.05868445811024,3.68824500685316
2020-09-28,2020:Q3,5.05868445811024,3.68824500685316
2020-09-29,2020:Q3,5.04930112065374,3.68297901075283
2020-09-30,2020:Q3,5.04930112065374,3.68297901075283
2020-10-01,2020:Q3,5.04930112065374,4.16846672953712
2020-10-02,2020:Q3,5.04930112065374,4.16846672953712
2020-10-05,2020:Q3,5.04930112065374,4.16846672953712
2020-10-06,2020:Q3,5.04930112065374,4.16846672953712
2020-10-07,2020:Q3,5.04930112065374,4.16846672953712
2020-10-08,2020:Q3,5.04930112065374,4.16846672953712
2020-10-09,2020:Q3,5.04930112065374,4.16846672953712
2020-10-13,2020:Q3,,4.23477846101161
2020-10-14,2020:Q3,,4.23477846101161
2020-10-15,2020:Q3,,4.23477846101161
2020-10-16,2020:Q3,,4.23477846101161
2020-10-19,2020:Q3,,4.23477846101161
2020-10-20,2020:Q3,,4.23477846101161
2020-10-21,2020:Q3,,4.23477846101161
2020-10-22,2020:Q3,,4.23477846101161
2020-10-23,2020:Q3,,4.23477846101161
2020-10-26,2020:Q3,,4.23477846101161
2020-10-27,2020:Q3,,4.23477846101161
2020-10-28,2020:Q3,,4.23477846101161
2020-10-29,2020:Q3,,
2020-10-01,2020:Q4,1.83009878941516,1.81028001819934
2020-10-02,2020:Q4,1.98916449031428,1.89876504607627
2020-10-05,2020:Q4,1.80040336778309,1.79297005729748
2020-10-06,2020:Q4,2.16919781423526,1.99959063747834
2020-10-07,2020:Q4,2.23493617867199,2.03639665035065
2020-10-08,2020:Q4,2.18220534338975,2.00687401806201
2020-10-09,2020:Q4,2.27394948610462,2.05823584172227
2020-10-13,2020:Q4,2.36488043516714,2.10182595953714
2020-10-14,2020:Q4,2.41995957928913,2.13241672171547
2020-10-15,2020:Q4,2.48155841465798,2.16662066121527
2020-10-16,2020:Q4,2.45594505659277,2.15239921288235
2020-10-19,2020:Q4,2.43670995118705,2.14171839084705
2020-10-20,2020:Q4,2.37338344993057,2.10655357055778
2020-10-21,2020:Q4,2.41933801665186,2.13207634029982
2020-10-22,2020:Q4,2.31717501218365,2.07533051295186
2020-10-23,2020:Q4,2.37098149145756,2.10521943483311
2020-10-26,2020:Q4,2.31914541106142,2.07642514405955
2020-10-27,2020:Q4,2.19228017328059,2.00593297890839
2020-10-28,2020:Q4,2.25405683517204,2.04026417369016
2020-10-29,2020:Q4,2.09630255445303,1.95258104441578
2020-10-30,2020:Q4,2.05264151607636,1.82713086395849
2020-11-02,2020:Q4,2.00423838249852,1.79994910187939
2020-11-03,2020:Q4,2.39693807532093,2.01920062510843
2020-11-04,2020:Q4,2.41329929450871,2.02837479183406
2020-11-05,2020:Q4,2.4559583794153,2.0522926052597
2020-11-06,2020:Q4,2.43566173842042,2.04091322616553
2020-11-09,2020:Q4,2.38942058474543,2.01498520890087
2020-11-10,2020:Q4,2.47407993315136,2.06245608896176
2020-11-12,2020:Q4,2.09145547276857,1.78176435273663
2020-11-13,2020:Q4,2.06930742110283,1.76923167251357
2020-11-16,2020:Q4,2.04360981175131,1.7546893367355
2020-11-17,2020:Q4,2.08155336573581,1.77616126274029
2020-11-18,2020:Q4,2.08546388342568,1.77837264020475
2020-11-19,2020:Q4,2.10248793860506,1.78800532739012
2020-11-20,2020:Q4,2.09245344015403,1.78232759018362
2020-11-23,2020:Q4,2.11682245198643,1.79611579254539
2020-11-24,2020:Q4,2.14540990157512,1.81229035722799
2020-11-25,2020:Q4,2.13588062483692,1.53674237119241
2020-11-27,2020:Q4,2.19989356518215,1.57233915440227
2020-11-30,2020:Q4,2.19514983906208,1.56970296508367
2020-12-01,2020:Q4,2.20844970459786,1.57709093317147
2020-12-02,2020:Q4,2.18756154315893,1.5654831563144
2020-12-03,2020:Q4,2.20234057138124,1.57369610304043
2020-12-04,2020:Q4,2.21501897061875,1.58074138309645
2020-12-07,2020:Q4,2.22411792706916,1.58579741874643
2020-12-08,2020:Q4,2.07774189443357,1.50444228038302
2020-12-09,2020:Q4,2.07774189443357,1.50444228038302
2020-12-10,2020:Q4,2.19111973479988,1.57121272116543
2020-12-11,2020:Q4,2.19111973479988,1.57121272116543
2020-12-14,2020:Q4,2.19111973479988,1.57121272116543
2020-12-15,2020:Q4,2.19206976753594,1.57173211149109
2020-12-16,2020:Q4,2.19206976753594,1.57173211149109
2020-12-17,2020:Q4,2.19206976753594,1.57173211149109
2020-12-18,2020:Q4,2.19206976753594,1.57173211149109
2020-12-21,2020:Q4,2.19206976753594,1.57173211149109
2020-12-22,2020:Q4,2.19206976753594,1.57173211149109
2020-12-23,2020:Q4,2.23292744195545,1.29476195544216
2020-12-24,2020:Q4,2.23292744195545,1.29476195544216
2020-12-28,2020:Q4,2.23292744195545,1.29476195544216
2020-12-29,2020:Q4,2.26239057385045,1.31086372364322
2020-12-30,2020:Q4,2.26239057385045,1.31086372364322
2020-12-31,2020:Q4,2.26239057385045,1.31086372364322
2021-01-04,2020:Q4,2.26239057385045,1.31086372364322
2021-01-05,2020:Q4,2.26239057385045,1.31086372364322
2021-01-06,2020:Q4,2.26239057385045,1.31086372364322
2021-01-07,2020:Q4,2.26239057385045,1.31086372364322
2021-01-08,2020:Q4,2.26239057385045,1.31086372364322
2021-01-11,2020:Q4,2.26239057385045,1.31086372364322
2021-01-12,2020:Q4,2.26239057385045,1.31086372364322
2021-01-13,2020:Q4,,1.31441231452862
2021-01-14,2020:Q4,,1.31441231452862
2021-01-15,2020:Q4,,1.31441231452862
2021-01-19,2020:Q4,,1.31441231452862
2021-01-20,2020:Q4,,1.31441231452862
2021-01-21,2020:Q4,,1.31441231452862
2021-01-22,2020:Q4,,1.31441231452862
2021-01-25,2020:Q4,,1.31441231452862
2021-01-26,2020:Q4,,1.31441231452862
2021-01-27,2020:Q4,,1.31441231452862
2021-01-28,2020:Q4,,
2021-01-04,2021:Q1,2.69678967365921,1.72572934947675
2021-01-05,2021:Q1,2.79070863880377,1.78539850495651
2021-01-06,2021:Q1,2.77249205352443,1.77544352466272
2021-01-07,2021:Q1,2.96865956075543,1.8826125756741
2021-01-08,2021:Q1,2.99015305959167,1.89435044162547
2021-01-11,2021:Q1,3.06266473996473,1.93394366394404
2021-01-12,2021:Q1,3.15633848780499,1.98507904653848
2021-01-13,2021:Q1,3.14001398716068,2.06327087084281
2021-01-14,2021:Q1,3.09488489849816,2.03696960716946
2021-01-15,2021:Q1,3.09936450432198,2.03958048927428
2021-01-19,2021:Q1,2.97401536117035,1.96650859201017
2021-01-20,2021:Q1,3.18961308758052,2.09220115031012
2021-01-21,2021:Q1,3.18894937601142,2.09181448893854
2021-01-22,2021:Q1,3.19320394097817,2.09429307577669
2021-01-25,2021:Q1,3.1427247419652,2.06488324069611
2021-01-26,2021:Q1,3.26077631770663,2.13368564967287
2021-01-27,2021:Q1,3.25451753264911,2.13004058273307
2021-01-28,2021:Q1,3.26499403736977,2.13614197635787
2021-01-29,2021:Q1,3.22548043042188,2.65387440628206
2021-02-01,2021:Q1,3.18277628800554,2.62928578353243
2021-02-02,2021:Q1,3.22855008008873,2.65723866515655
2021-02-03,2021:Q1,3.2541636587671,2.67197708775504
2021-02-04,2021:Q1,3.27860163991747,2.68603797759184
2021-02-05,2021:Q1,3.28342748922716,2.68881450389755
2021-02-08,2021:Q1,3.2991799687252,2.69787732251183
2021-02-09,2021:Q1,3.23200616229959,2.75845776024342
2021-02-10,2021:Q1,2.8322223736243,2.61716071777731
2021-02-11,2021:Q1,2.84032575420061,2.62154606645373
2021-02-12,2021:Q1,2.81435359315898,2.60749015756325
2021-02-16,2021:Q1,2.88189345549927,2.64403961144115
2021-02-17,2021:Q1,2.94550426442093,2.67848029613618
2021-02-18,2021:Q1,2.97301571820303,2.69336070252444
2021-02-19,2021:Q1,2.95382467025953,2.68298078462728
2021-02-22,2021:Q1,2.9072548753226,2.65778968244827
2021-02-23,2021:Q1,3.11377974854539,2.76953491584153
2021-02-24,2021:Q1,3.12359621868474,2.77484023802357
2021-02-25,2021:Q1,3.16387928609199,2.79660945133635
2021-02-26,2021:Q1,3.12884404691101,3.27242307469466
2021-03-01,2021:Q1,3.06836022901125,3.24159370775376
2021-03-02,2021:Q1,3.31543839353272,3.3674906431123
2021-03-03,2021:Q1,3.31543839353272,3.3674906431123
2021-03-04,2021:Q1,3.31543839353272,3.3674906431123
2021-03-05,2021:Q1,3.31543839353272,3.3674906431123
2021-03-08,2021:Q1,3.31543839353272,3.3674906431123
2021-03-09,2021:Q1,3.36789279090621,3.39420413814229
2021-03-10,2021:Q1,3.3861870467033,3.47825999487992
2021-03-11,2021:Q1,3.3861870467033,3.47825999487992
2021-03-12,2021:Q1,3.3861870467033,3.47825999487992
2021-03-15,2021:Q1,3.3861870467033,3.47825999487992
2021-03-16,2021:Q1,3.45172045554301,3.51292509295158
2021-03-17,2021:Q1,3.45172045554301,3.51292509295158
2021-03-18,2021:Q1,3.45172045554301,3.51292509295158
2021-03-19,2021:Q1,3.45172045554301,3.51292509295158
2021-03-22,2021:Q1,3.45172045554301,3.51292509295158
2021-03-23,2021:Q1,3.49056441755711,3.53346865398794
2021-03-24,2021:Q1,3.49056441755711,3.53346865398794
2021-03-25,2021:Q1,3.49056441755711,3.53346865398794
2021-03-26,2021:Q1,3.49056441755711,3.34480473322116
2021-03-29,2021:Q1,3.49056441755711,3.34480473322116
2021-03-30,2021:Q1,3.50936940087936,3.35446403217723
2021-03-31,2021:Q1,3.50936940087936,3.35446403217723
2021-04-01,2021:Q1,3.50936940087936,3.35446403217723
2021-04-02,2021:Q1,3.50936940087936,3.35446403217723
2021-04-05,2021:Q1,3.50936940087936,3.35446403217723
2021-04-06,2021:Q1,3.50936940087936,3.35446403217723
2021-04-07,2021:Q1,3.50936940087936,3.35446403217723
2021-04-08,2021:Q1,3.50936940087936,3.35446403217723
2021-04-09,2021:Q1,3.50936940087936,3.35446403217723
2021-04-12,2021:Q1,3.50936940087936,3.35446403217723
2021-04-13,2021:Q1,,3.57301449399257
2021-04-14,2021:Q1,,3.57301449399257
2021-04-15,2021:Q1,,3.57301449399257
2021-04-16,2021:Q1,,3.57301449399257
2021-04-19,2021:Q1,,3.57301449399257
2021-04-20,2021:Q1,,3.57301449399257
2021-04-21,2021:Q1,,3.57301449399257
2021-04-22,2021:Q1,,3.57301449399257
2021-04-23,2021:Q1,,3.57301449399257
2021-04-26,2021:Q1,,3.57301449399257
2021-04-27,2021:Q1,,3.57301449399257
2021-04-28,2021:Q1,,3.57301449399257
2021-04-29,2021:Q1,,
2021-04-01,2021:Q2,2.19148124747641,1.96942328880096
2021-04-02,2021:Q2,1.3569759720808,1.53046612478835
2021-04-05,2021:Q2,1.48442478997055,1.59604499534236
2021-04-06,2021:Q2,1.9609906780063,1.84100221304833
2021-04-07,2021:Q2,1.9962449422041,1.85909391115127
2021-04-08,2021:Q2,2.01317588758028,1.8677816513031
2021-04-09,2021:Q2,2.02561165472501,1.87416244246497
2021-04-12,2021:Q2,2.01221944482266,1.86729088840367
2021-04-13,2021:Q2,2.56412888242732,2.37215030327742
2021-04-14,2021:Q2,2.60693257172275,2.39478491675149
2021-04-15,2021:Q2,2.75646136482923,2.47382870648649
2021-04-16,2021:Q2,2.76408902783696,2.47785970642138
2021-04-19,2021:Q2,2.74904382879417,2.46990864755154
2021-04-20,2021:Q2,2.76057680346433,2.47600471329514
2021-04-21,2021:Q2,2.71981177436345,2.45446013397981
2021-04-22,2021:Q2,2.63476521374864,2.40950240224265
2021-04-23,2021:Q2,2.65704302361809,2.42128032568565
2021-04-26,2021:Q2,2.68407181747448,2.435568762523
2021-04-27,2021:Q2,2.67419241649416,2.43035292830707
2021-04-28,2021:Q2,2.72049032073989,2.4548248422616
2021-04-29,2021:Q2,2.75758225354554,2.47442779690672
2021-04-30,2021:Q2,2.81203670668602,2.7458456816577
2021-05-03,2021:Q2,2.72328747877462,2.69978973936753
2021-05-04,2021:Q2,2.7369122588621,2.70453752692752
2021-05-05,2021:Q2,2.75958454577852,2.71631479885619
2021-05-06,2021:Q2,2.78310126927386,2.72852973001847
2021-05-07,2021:Q2,2.77139901704695,2.7224515344102
2021-05-10,2021:Q2,2.75764917956369,2.7153094964061
2021-05-11,2021:Q2,2.85302640319349,2.76481450386177
2021-05-12,2021:Q2,5.96310063436241,4.79474152683417
2021-05-13,2021:Q2,5.98044722154012,4.80442802811227
2021-05-14,2021:Q2,5.91022383289523,4.7652114166467
2021-05-17,2021:Q2,5.96412896400578,4.79531577044296
2021-05-18,2021:Q2,6.07387076341945,4.85657250759144
2021-05-19,2021:Q2,6.05114881055742,4.84388988579529
2021-05-20,2021:Q2,5.98980035064163,4.80964282766487
2021-05-21,2021:Q2,5.94744892431447,4.78599686369916
2021-05-24,2021:Q2,5.99729131472735,4.81382491738103
2021-05-25,2021:Q2,6.04479062806269,4.8403409452118
2021-05-26,2021:Q2,6.09984309364091,4.87106623658617
2021-05-27,2021:Q2,6.10561728250349,4.87428856322056
2021-05-28,2021:Q2,6.1149123018353,5.2538815498911
2021-06-01,2021:Q2,6.12013143201924,5.25659935803675
2021-06-02,2021:Q2,6.17899791965002,5.28724775010019
2021-06-03,2021:Q2,6.19176563363075,5.29389453352678
2021-06-04,2021:Q2,6.19455413814625,5.29534617177596
2021-06-07,2021:Q2,6.20042485347767,5.29840230136291
2021-06-08,2021:Q2,6.32839759879196,5.36500637409336
2021-06-09,2021:Q2,6.32839759879196,5.36500637409336
2021-06-10,2021:Q2,7.62145128919232,6.17478835844114
2021-06-11,2021:Q2,7.62145128919232,6.17478835844114
2021-06-14,2021:Q2,7.62145128919232,6.17478835844114
2021-06-15,2021:Q2,7.64540416303734,6.18740121573353
2021-06-16,2021:Q2,7.64540416303734,6.18740121573353
2021-06-17,2021:Q2,7.64540416303734,6.18740121573353
2021-06-18,2021:Q2,7.64540416303734,6.18740121573353
2021-06-21,2021:Q2,7.64540416303734,6.18740121573353
2021-06-22,2021:Q2,7.64951768499278,6.18956717296062
2021-06-23,2021:Q2,7.64951768499278,6.18956717296062
2021-06-24,2021:Q2,7.64951768499278,6.18956717296062
2021-06-25,2021:Q2,7.64951768499278,6.20841849267348
2021-06-28,2021:Q2,7.64951768499278,6.20841849267348
2021-06-29,2021:Q2,7.66318994323718,6.21555058211356
2021-06-30,2021:Q2,7.66318994323718,6.21555058211356
2021-07-01,2021:Q2,7.66318994323718,6.21555058211356
2021-07-02,2021:Q2,7.66318994323718,6.21555058211356
2021-07-06,2021:Q2,7.66318994323718,6.21555058211356
2021-07-07,2021:Q2,7.66318994323718,6.21555058211356
2021-07-08,2021:Q2,7.66318994323718,6.21555058211356
2021-07-09,2021:Q2,7.66318994323718,6.21555058211356
2021-07-12,2021:Q2,7.66318994323718,6.21555058211356
2021-07-13,2021:Q2,,6.77349518085328
2021-07-14,2021:Q2,,6.77349518085328
2021-07-15,2021:Q2,,6.77349518085328
2021-07-16,2021:Q2,,6.77349518085328
2021-07-19,2021:Q2,,6.77349518085328
2021-07-20,2021:Q2,,6.77349518085328
2021-07-21,2021:Q2,,6.77349518085328
2021-07-22,2021:Q2,,6.77349518085328
2021-07-23,2021:Q2,,6.77349518085328
2021-07-26,2021:Q2,,6.77349518085328
2021-07-27,2021:Q2,,6.77349518085328
2021-07-28,2021:Q2,,6.77349518085328
2021-07-29,2021:Q2,,
2021-07-01,2021:Q3,4.22372123980503,3.51989655618603
2021-07-02,2021:Q3,4.03760900810699,3.42928905702735
2021-07-06,2021:Q3,4.14743852040838,3.48703795726588
2021-07-07,2021:Q3,4.30604051667507,3.57043594375877
2021-07-08,2021:Q3,4.25009370950469,3.54105060336154
2021-07-09,2021:Q3,4.31613677104925,3.57573825545821
2021-07-12,2021:Q3,4.3976356556815,3.61853263233083
2021-07-13,2021:Q3,6.34607605336204,4.99605107020757
2021-07-14,2021:Q3,6.40530234937753,5.02777990076533
2021-07-15,2021:Q3,6.30472643344715,4.97389543776259
2021-07-16,2021:Q3,6.23206577633337,4.93495553087806
2021-07-19,2021:Q3,6.24319675582095,4.94092140046627
2021-07-20,2021:Q3,5.99077242260238,4.80559439545192
2021-07-21,2021:Q3,6.08884987278957,4.85819408313106
2021-07-22,2021:Q3,6.24930382884465,4.94420943037814
2021-07-23,2021:Q3,6.3415816456253,4.99365629900594
2021-07-26,2021:Q3,6.36444476907956,5.00590509160395
2021-07-27,2021:Q3,6.36663353544109,5.00707845545596
2021-07-28,2021:Q3,6.38228751278924,5.01546436866536
2021-07-29,2021:Q3,6.40248168324486,5.02628183666949
2021-07-30,2021:Q3,6.42028078487917,4.46982690659556
2021-08-02,2021:Q3,6.42211971444038,4.47086253441227
2021-08-03,2021:Q3,6.4525124949391,4.48608884440342
2021-08-04,2021:Q3,6.44810481119076,4.48360778290744
2021-08-05,2021:Q3,6.40298979948977,4.45821089523659
2021-08-06,2021:Q3,6.43555291067603,4.47654220550548
2021-08-09,2021:Q3,6.41813735572283,4.46673839188672
2021-08-10,2021:Q3,6.4068815118201,4.46040934812098
2021-08-11,2021:Q3,6.82375487750377,4.74527458456719
2021-08-12,2021:Q3,6.84117715323729,4.75513044794988
2021-08-13,2021:Q3,6.83398424280819,4.7510614464759
2021-08-16,2021:Q3,6.80284960033404,4.73344769769277
2021-08-17,2021:Q3,6.80033772552358,4.73203038127734
2021-08-18,2021:Q3,6.7865888952092,4.72425179992271
2021-08-19,2021:Q3,6.76116940268823,4.70986955115029
2021-08-20,2021:Q3,6.72876359532495,4.69153289719155
2021-08-23,2021:Q3,6.6959311007954,4.67295300264694
2021-08-24,2021:Q3,6.78653735790278,4.72421576343778
2021-08-25,2021:Q3,6.85793879191223,4.76460951935096
2021-08-26,2021:Q3,6.88788634278983,4.78154912363324
2021-08-27,2021:Q3,6.85187819682875,5.11254917976822
2021-08-30,2021:Q3,6.89149004620686,5.13479293304817
2021-08-31,2021:Q3,6.86219344878278,5.11833764716021
2021-09-01,2021:Q3,6.84307102999326,5.10759877305764
2021-09-02,2021:Q3,6.8415975890314,5.10677128423531
2021-09-03,2021:Q3,6.86355343758867,5.11910137366609
2021-09-07,2021:Q3,6.86510078943992,5.11997031350133
2021-09-08,2021:Q3,6.9513437674513,5.16839501810029
2021-09-09,2021:Q3,6.9513437674513,5.16839501810029
2021-09-10,2021:Q3,6.9513437674513,5.16839501810029
2021-09-13,2021:Q3,6.9513437674513,5.16839501810029
2021-09-14,2021:Q3,6.55558355919497,4.87057436411262
2021-09-15,2021:Q3,6.55558355919497,4.87057436411262
2021-09-16,2021:Q3,6.55558355919497,4.87057436411262
2021-09-17,2021:Q3,6.55558355919497,4.87057436411262
2021-09-20,2021:Q3,6.55558355919497,4.87057436411262
2021-09-21,2021:Q3,6.56113121819382,4.87372885375539
2021-09-22,2021:Q3,6.56113121819382,4.87372885375539
2021-09-23,2021:Q3,6.56113121819382,4.87372885375539
2021-09-24,2021:Q3,6.56113121819382,4.87372885375539
2021-09-27,2021:Q3,6.56113121819382,4.87372885375539
2021-09-28,2021:Q3,6.5609093076749,4.87360267280326
2021-09-29,2021:Q3,6.5609093076749,4.87360267280326
2021-09-30,2021:Q3,6.5609093076749,4.87360267280326
2021-10-01,2021:Q3,6.5609093076749,5.35948595393552
2021-10-04,2021:Q3,6.5609093076749,5.35948595393552
2021-10-05,2021:Q3,6.5609093076749,5.35948595393552
2021-10-06,2021:Q3,6.5609093076749,5.35948595393552
2021-10-07,2021:Q3,6.5609093076749,5.35948595393552
2021-10-08,2021:Q3,6.5609093076749,5.35948595393552
2021-10-12,2021:Q3,6.5609093076749,5.35948595393552
2021-10-13,2021:Q3,,5.38629604228908
2021-10-14,2021:Q3,,5.38629604228908
2021-10-15,2021:Q3,,5.38629604228908
2021-10-18,2021:Q3,,5.38629604228908
2021-10-19,2021:Q3,,5.38629604228908
2021-10-20,2021:Q3,,5.38629604228908
2021-10-21,2021:Q3,,5.38629604228908
2021-10-22,2021:Q3,,5.38629604228908
2021-10-25,2021:Q3,,5.38629604228908
2021-10-26,2021:Q3,,5.38629604228908
2021-10-27,2021:Q3,,5.38629604228908
2021-10-28,2021:Q3,,
2021-10-01,2021:Q4,4.87515487870995,4.39390219636029
2021-10-04,2021:Q4,4.71022076442373,4.29617166155076
2021-10-05,2021:Q4,4.74214654101925,4.31423392129513
2021-10-06,2021:Q4,4.7815420812545,4.33653723045855
2021-10-07,2021:Q4,4.68436878725471,4.28151864434572
2021-10-08,2021:Q4,4.7375879661316,4.31165295724301
2021-10-12,2021:Q4,4.8061716931646,4.35047955616479
2021-10-13,2021:Q4,5.09534049067764,4.48103625050269
2021-10-14,2021:Q4,5.0748241551074,4.46950349089423
2021-10-15,2021:Q4,5.12106890324902,4.49549777570173
2021-10-18,2021:Q4,5.14953015900479,4.51149399248532
2021-10-19,2021:Q4,5.22123839150126,4.55182333177706
2021-10-20,2021:Q4,5.25613245567094,4.57142620345556
2021-10-21,2021:Q4,5.29321597061247,4.59225665952092
2021-10-22,2021:Q4,5.22497221569658,4.5539210336617
2021-10-25,2021:Q4,5.27328987838633,4.58106413523205
2021-10-26,2021:Q4,5.38124992846192,4.641736007907
2021-10-27,2021:Q4,5.41468605293456,4.66050807771421
2021-10-28,2021:Q4,5.30378406854553,4.59823654177196
2021-10-29,2021:Q4,5.23752909464632,4.40243925810984
2021-11-01,2021:Q4,5.24727297692151,4.40794901113097
2021-11-02,2021:Q4,5.44342420383384,4.51672505104248
2021-11-03,2021:Q4,5.4423751536369,4.51613264068564
2021-11-04,2021:Q4,5.37116883201048,4.47591718836136
2021-11-05,2021:Q4,5.37218706771769,4.47649232283269
2021-11-08,2021:Q4,5.43591124212166,4.51248235572801
2021-11-09,2021:Q4,5.48135319936982,4.53815698485391
2021-11-10,2021:Q4,7.57673121507578,5.99319831235574
2021-11-12,2021:Q4,7.5176444057157,5.9592419817003
2021-11-15,2021:Q4,7.50191868365773,5.95020365498211
2021-11-16,2021:Q4,7.50024061528822,5.94923944962067
2021-11-17,2021:Q4,7.51376107001698,5.95701036122505
2021-11-18,2021:Q4,7.45344186009254,5.92233940088402
2021-11-19,2021:Q4,7.48124797778489,5.93832287264462
2021-11-22,2021:Q4,7.40550836329055,5.89478330233955
2021-11-23,2021:Q4,7.44227971397207,5.91592206177023
2021-11-24,2021:Q4,7.5278027640924,5.79558457559404
2021-11-26,2021:Q4,7.52237771125968,5.79095854464684
2021-11-29,2021:Q4,7.20760122938058,5.6149338096757
2021-11-30,2021:Q4,7.23619663330282,5.63092397775884
2021-12-01,2021:Q4,7.15307958557714,5.58441994526258
2021-12-02,2021:Q4,7.14716508358939,5.58111033280677
2021-12-03,2021:Q4,7.16366404236648,5.59034260385529
2021-12-06,2021:Q4,7.16210745542711,5.58947160902388
2021-12-07,2021:Q4,7.53819152800288,5.79979207537189
2021-12-08,2021:Q4,7.53819152800288,5.79979207537189
2021-12-09,2021:Q4,7.53819152800288,5.79979207537189
2021-12-10,2021:Q4,8.16697766369789,6.20164086358626
2021-12-13,2021:Q4,8.16697766369789,6.20164086358626
2021-12-14,2021:Q4,8.14969832210788,6.19190087763914
2021-12-15,2021:Q4,8.14969832210788,6.19190087763914
2021-12-16,2021:Q4,8.14969832210788,6.19190087763914
2021-12-17,2021:Q4,8.14969832210788,6.19190087763914
2021-12-20,2021:Q4,8.14969832210788,6.19190087763914
2021-12-21,2021:Q4,8.13552194708804,6.18390959468598
2021-12-22,2021:Q4,8.13552194708804,6.18390959468598
2021-12-23,2021:Q4,8.13552194708804,6.45830767593487
2021-12-24,2021:Q4,8.13552194708804,6.45830767593487
2021-12-27,2021:Q4,8.13552194708804,6.45830767593487
2021-12-28,2021:Q4,8.12178991287378,6.45068676216178
2021-12-29,2021:Q4,8.12178991287378,6.45068676216178
2021-12-30,2021:Q4,8.12178991287378,6.45068676216178
2021-12-31,2021:Q4,8.12178991287378,6.45068676216178
2022-01-03,2021:Q4,8.12178991287378,6.45068676216178
2022-01-04,2021:Q4,8.12178991287378,6.45068676216178
2022-01-05,2021:Q4,8.12178991287378,6.45068676216178
2022-01-06,2021:Q4,8.12178991287378,6.45068676216178
2022-01-07,2021:Q4,8.12178991287378,6.45068676216178
2022-01-10,2021:Q4,8.12178991287378,6.45068676216178
2022-01-11,2021:Q4,8.12178991287378,6.45068676216178
2022-01-12,2021:Q4,,6.46468052804452
2022-01-13,2021:Q4,,6.46468052804452
2022-01-14,2021:Q4,,6.46468052804452
2022-01-17,2021:Q4,,6.46468052804452
2022-01-18,2021:Q4,,6.46468052804452
2022-01-19,2021:Q4,,6.46468052804452
2022-01-20,2021:Q4,,6.46468052804452
2022-01-21,2021:Q4,,6.46468052804452
2022-01-24,2021:Q4,,6.46468052804452
2022-01-25,2021:Q4,,6.46468052804452
2022-01-26,2021:Q4,,6.46468052804452
2022-01-27,2021:Q4,,
2022-01-03,2022:Q1,6.45081468835829,5.44074701807007
2022-01-04,2022:Q1,5.83942101014694,5.09473456887974
2022-01-05,2022:Q1,5.87900531036563,5.11690265754456
2022-01-06,2022:Q1,5.90291670492598,5.1302922072106
2022-01-07,2022:Q1,5.97363442893117,5.16988566939376
2022-01-10,2022:Q1,5.936576683003,5.14913888559261
2022-01-11,2022:Q1,5.87612321801168,5.11529396291761
2022-01-12,2022:Q1,6.36445943556398,5.2523451740867
2022-01-13,2022:Q1,6.378372271748,5.26023089146304
2022-01-14,2022:Q1,6.34117238197029,5.23914543501978
2022-01-17,2022:Q1,6.46002391572449,5.30650367102878
2022-01-18,2022:Q1,6.46154403768682,5.30736502693805
2022-01-19,2022:Q1,6.55157150135959,5.35837158128929
2022-01-20,2022:Q1,6.5338568028577,5.34833656839349
2022-01-21,2022:Q1,6.52884225856403,5.34549583123884
2022-01-24,2022:Q1,6.49357116204161,5.32551351352173
2022-01-25,2022:Q1,6.37357815276738,5.25752150445866
2022-01-26,2022:Q1,6.50955324200122,5.33457093561525
2022-01-27,2022:Q1,6.63170464975171,5.40375936754567
2022-01-28,2022:Q1,6.55859406967152,5.61202886123457
2022-01-31,2022:Q1,6.60060472621686,5.63586966891767
2022-02-01,2022:Q1,6.57987222836973,5.62410930447503
2022-02-02,2022:Q1,6.29931628771878,5.46117177644323
2022-02-03,2022:Q1,6.32544359850382,5.47601214951225
2022-02-04,2022:Q1,6.39338302217354,5.51459245258197
2022-02-07,2022:Q1,6.50235214183714,5.57645054333804
2022-02-08,2022:Q1,6.69593895058438,5.6044883000919
2022-02-09,2022:Q1,6.63020609523459,5.56962284635691
2022-02-10,2022:Q1,7.67535632903587,6.1289580616118
2022-02-11,2022:Q1,7.66743203252422,6.12474850927223
2022-02-14,2022:Q1,7.77199518404306,6.18028603066496
2022-02-15,2022:Q1,7.85477376154018,6.22426916037246
2022-02-16,2022:Q1,7.75404302687137,6.17078656508379
2022-02-17,2022:Q1,7.79797760109158,6.1941155826404
2022-02-18,2022:Q1,7.74368772622001,6.16528747838554
2022-02-22,2022:Q1,7.83726182526419,6.21497250597691
2022-02-23,2022:Q1,7.89497008190509,6.24563942513741
2022-02-24,2022:Q1,7.89136522578722,6.24372615851612
2022-02-25,2022:Q1,7.97141454903234,6.71722621309427
2022-02-28,2022:Q1,7.93733512154413,6.70021700250132
2022-03-01,2022:Q1,7.97414679143658,6.71863772061247
2022-03-02,2022:Q1,8.22603264131718,6.8442752075734
2022-03-03,2022:Q1,8.34760140545632,6.90487332964722
2022-03-04,2022:Q1,8.35621053865914,6.90916374866601
2022-03-07,2022:Q1,8.41735013808853,6.93962943725392
2022-03-08,2022:Q1,8.6276228305598,7.04435908353787
2022-03-09,2022:Q1,8.6276228305598,7.04435908353787
2022-03-10,2022:Q1,8.85654373176781,7.25744466113163
2022-03-11,2022:Q1,8.85654373176781,7.25744466113163
2022-03-14,2022:Q1,8.85654373176781,7.25744466113163
2022-03-15,2022:Q1,8.99332341334034,7.32471316868453
2022-03-16,2022:Q1,8.99332341334034,7.32471316868453
2022-03-17,2022:Q1,8.99332341334034,7.32471316868453
2022-03-18,2022:Q1,8.99332341334034,7.32471316868453
2022-03-21,2022:Q1,8.99332341334034,7.32471316868453
2022-03-22,2022:Q1,9.00922665560913,7.33253235575404
2022-03-23,2022:Q1,9.00922665560913,7.33253235575404
2022-03-24,2022:Q1,9.00922665560913,7.33253235575404
2022-03-25,2022:Q1,9.00922665560913,7.33253235575404
2022-03-28,2022:Q1,9.00922665560913,7.33253235575404
2022-03-29,2022:Q1,9.01435372963268,7.33505310580798
2022-03-30,2022:Q1,9.01435372963268,7.33505310580798
2022-03-31,2022:Q1,9.01435372963268,7.07576723143872
2022-04-01,2022:Q1,9.01435372963268,7.07576723143872
2022-04-04,2022:Q1,9.01435372963268,7.07576723143872
2022-04-05,2022:Q1,9.01435372963268,7.07576723143872
2022-04-06,2022:Q1,9.01435372963268,7.07576723143872
2022-04-07,2022:Q1,9.01435372963268,7.07576723143872
2022-04-08,2022:Q1,9.01435372963268,7.07576723143872
2022-04-11,2022:Q1,9.01435372963268,7.07576723143872
2022-04-12,2022:Q1,,7.32418877694061
2022-04-13,2022:Q1,,7.32418877694061
2022-04-14,2022:Q1,,7.32418877694061
2022-04-15,2022:Q1,,7.32418877694061
2022-04-18,2022:Q1,,7.32418877694061
2022-04-19,2022:Q1,,7.32418877694061
2022-04-20,2022:Q1,,7.32418877694061
2022-04-21,2022:Q1,,7.32418877694061
2022-04-22,2022:Q1,,7.32418877694061
2022-04-25,2022:Q1,,7.32418877694061
2022-04-26,2022:Q1,,7.32418877694061
2022-04-27,2022:Q1,,7.32418877694061
2022-04-28,2022:Q1,,
2022-04-01,2022:Q2,7.89745987071142,6.22743470845373
2022-04-04,2022:Q2,6.83860860848724,5.69197648633326
2022-04-05,2022:Q2,7.54064140436226,6.04167036290644
2022-04-06,2022:Q2,7.56233440539749,6.05246050950887
2022-04-07,2022:Q2,7.40132549017367,5.97235428977485
2022-04-08,2022:Q2,7.21700497676596,5.88059300720321
2022-04-11,2022:Q2,7.30999630410218,5.9268949887529
2022-04-12,2022:Q2,7.15365342150276,6.02071909512683
2022-04-13,2022:Q2,7.58715332035567,6.26354421920636
2022-04-14,2022:Q2,7.77484564196482,6.36857769340327
2022-04-15,2022:Q2,7.89412851572329,6.43529686311879
2022-04-18,2022:Q2,7.90653065117106,6.44223239202759
2022-04-19,2022:Q2,8.0365430835988,6.51494232728866
2022-04-20,2022:Q2,7.54261547584711,6.23861255795446
2022-04-21,2022:Q2,7.50682310601305,6.21857175726219
2022-04-22,2022:Q2,7.54619324370609,6.24061569171315
2022-04-25,2022:Q2,7.4869851736179,6.20746316749792
2022-04-26,2022:Q2,7.12906801037603,6.00692199182018
2022-04-27,2022:Q2,7.46897455848512,6.19737725266984
2022-04-28,2022:Q2,7.33740523648048,6.12368093323767
2022-04-29,2022:Q2,7.50752904433594,5.96940915152144
2022-05-02,2022:Q2,7.65758550618958,6.04839582091317
2022-05-03,2022:Q2,7.60743861579671,6.01343214548955
2022-05-04,2022:Q2,7.57189605295709,5.99472295203651
2022-05-05,2022:Q2,7.68517731734304,6.05434537601832
2022-05-06,2022:Q2,7.67873411156141,6.05095476269681
2022-05-09,2022:Q2,7.72318351879446,6.07434396831155
2022-05-10,2022:Q2,7.6926230974927,6.05829129829647
2022-05-11,2022:Q2,7.74489241603751,5.84853064752371
2022-05-12,2022:Q2,7.95509184202259,5.96264952985102
2022-05-13,2022:Q2,7.9337371290648,5.95105929472588
2022-05-16,2022:Q2,8.05396773924905,6.01630424346156
2022-05-17,2022:Q2,8.30533400472713,6.15265823671671
2022-05-18,2022:Q2,8.29917773372166,6.1493216603103
2022-05-19,2022:Q2,8.14309445153982,6.06470636745371
2022-05-20,2022:Q2,8.19513533246261,6.09292312558809
2022-05-23,2022:Q2,8.20732232347197,6.0995302994568
2022-05-24,2022:Q2,8.40265748350706,6.20545472570935
2022-05-25,2022:Q2,8.41263347974444,6.21085838098052
2022-05-26,2022:Q2,8.4231964372945,6.21657979133594
2022-05-27,2022:Q2,8.53674263824922,6.2214287634127
2022-05-31,2022:Q2,8.52020890851186,6.21286956523219
2022-06-01,2022:Q2,8.63758418434504,6.27366549902735
2022-06-02,2022:Q2,8.63251238885179,6.27104132984209
2022-06-03,2022:Q2,8.62980750386864,6.26964179281468
2022-06-06,2022:Q2,8.64964450013872,6.27990538536645
2022-06-07,2022:Q2,9.03540146060018,6.47936328948147
2022-06-08,2022:Q2,9.03540146060018,6.47936328948147
2022-06-09,2022:Q2,9.03540146060018,6.47936328948147
2022-06-10,2022:Q2,9.94936650934148,7.05997509565732
2022-06-13,2022:Q2,9.94936650934148,7.05997509565732
2022-06-14,2022:Q2,10.0265770341455,7.09859423716452
2022-06-15,2022:Q2,10.0265770341455,7.09859423716452
2022-06-16,2022:Q2,10.0265770341455,7.09859423716452
2022-06-17,2022:Q2,10.0265770341455,7.09859423716452
2022-06-21,2022:Q2,10.0265770341455,7.09859423716452
2022-06-22,2022:Q2,10.0265770341455,7.09859423716452
2022-06-23,2022:Q2,10.0265770341455,7.09859423716452
2022-06-24,2022:Q2,10.0265770341455,7.09859423716452
2022-06-27,2022:Q2,10.0265770341455,7.09859423716452
2022-06-28,2022:Q2,10.0265770341455,7.09859423716452
2022-06-29,2022:Q2,10.0265770341455,7.09859423716452
2022-06-30,2022:Q2,10.0149928638303,6.72873542259249
2022-07-01,2022:Q2,10.0149928638303,6.72873542259249
2022-07-05,2022:Q2,10.0149928638303,6.72873542259249
2022-07-06,2022:Q2,10.0149928638303,6.72873542259249
2022-07-07,2022:Q2,10.0149928638303,6.72873542259249
2022-07-08,2022:Q2,10.0149928638303,6.72873542259249
2022-07-11,2022:Q2,10.0149928638303,6.72873542259249
2022-07-12,2022:Q2,10.0149928638303,6.72873542259249
2022-07-13,2022:Q2,,7.12116163892151
2022-07-14,2022:Q2,,7.12116163892151
2022-07-15,2022:Q2,,7.12116163892151
2022-07-18,2022:Q2,,7.12116163892151
2022-07-19,2022:Q2,,7.12116163892151
2022-07-20,2022:Q2,,7.12116163892151
2022-07-21,2022:Q2,,7.12116163892151
2022-07-22,2022:Q2,,7.12116163892151
2022-07-25,2022:Q2,,7.12116163892151
2022-07-26,2022:Q2,,7.12116163892151
2022-07-27,2022:Q2,,7.12116163892151
2022-07-28,2022:Q2,,
2022-07-01,2022:Q3,8.0496429630537,6.02044627109242
2022-07-05,2022:Q3,7.98953628929391,5.97576493448269
2022-07-06,2022:Q3,7.71510050685693,5.83573569404616
2022-07-07,2022:Q3,7.79562666230436,5.87683787175444
2022-07-08,2022:Q3,8.16238049915645,6.06389136585352
2022-07-11,2022:Q3,8.25683756119904,6.11202836152802
2022-07-12,2022:Q3,8.04316345650489,6.00310389436518
2022-07-13,2022:Q3,8.66657064833454,6.55437962217804
2022-07-14,2022:Q3,8.66501044155703,6.55352619682188
2022-07-15,2022:Q3,8.65069275896215,6.54569429855372
2022-07-18,2022:Q3,8.95255337330949,6.71073958120549
2022-07-19,2022:Q3,9.02178132511,6.74859598179558
2022-07-20,2022:Q3,9.1144915949366,6.7992555492991
2022-07-21,2022:Q3,9.07536206993236,6.77787585438308
2022-07-22,2022:Q3,8.90642901661194,6.68554344960355
2022-07-25,2022:Q3,8.84726462223952,6.65319478266235
2022-07-26,2022:Q3,8.62833223326236,6.53348891966539
2022-07-27,2022:Q3,8.64226921833007,6.54111681408878
2022-07-28,2022:Q3,8.72236019403432,6.58494512802432
2022-07-29,2022:Q3,8.36505056938273,6.47966505030468
2022-08-01,2022:Q3,8.58670104345027,6.5972622362853
2022-08-02,2022:Q3,7.75720913887865,6.14953096965953
2022-08-03,2022:Q3,7.80467603952857,6.17479261888105
2022-08-04,2022:Q3,7.63921382145878,6.08671781748773
2022-08-05,2022:Q3,7.55300770954535,6.04081219215455
2022-08-08,2022:Q3,7.62988972050587,6.08175325118618
2022-08-09,2022:Q3,7.49943521024952,6.01232924593305
2022-08-10,2022:Q3,6.02935643056295,4.69758182570823
2022-08-11,2022:Q3,6.08789203846776,4.73045926865439
2022-08-12,2022:Q3,6.18054308372631,4.78248619620683
2022-08-15,2022:Q3,6.11241296059084,4.74423008616427
2022-08-16,2022:Q3,5.78643142265136,4.56114372399656
2022-08-17,2022:Q3,5.70127336440558,4.51325588192502
2022-08-18,2022:Q3,5.74948099928427,4.54036652866465
2022-08-19,2022:Q3,5.90307486281725,4.62671685279934
2022-08-22,2022:Q3,5.91314931849072,4.63237928661209
2022-08-23,2022:Q3,5.75248860575397,4.54213210533312
2022-08-24,2022:Q3,5.93465254800076,4.6445574647435
2022-08-25,2022:Q3,5.96264758509171,4.66029319152974
2022-08-26,2022:Q3,5.99169996143289,4.30661392084386
2022-08-29,2022:Q3,5.85921756996688,4.2366421549334
2022-08-30,2022:Q3,6.06506922692969,4.34535147822266
2022-08-31,2022:Q3,5.73844672084398,4.17291220830691
2022-09-01,2022:Q3,5.72141738936247,4.16391075728746
2022-09-02,2022:Q3,5.51044831775229,4.05235380834346
2022-09-06,2022:Q3,5.56044165474867,4.07879646245866
2022-09-07,2022:Q3,5.4720530195137,4.03204267239243
2022-09-08,2022:Q3,5.4720530195137,4.03204267239243
2022-09-09,2022:Q3,5.4720530195137,4.03204267239243
2022-09-12,2022:Q3,5.4720530195137,4.03204267239243
2022-09-13,2022:Q3,5.60942685230927,3.85107858164462
2022-09-14,2022:Q3,5.60942685230927,3.85107858164462
2022-09-15,2022:Q3,5.60942685230927,3.85107858164462
2022-09-16,2022:Q3,5.60942685230927,3.85107858164462
2022-09-19,2022:Q3,5.60942685230927,3.85107858164462
2022-09-20,2022:Q3,5.57851124418931,3.83398245632052
2022-09-21,2022:Q3,5.57851124418931,3.83398245632052
2022-09-22,2022:Q3,5.57851124418931,3.83398245632052
2022-09-23,2022:Q3,5.57851124418931,3.83398245632052
2022-09-26,2022:Q3,5.57851124418931,3.83398245632052
2022-09-27,2022:Q3,5.58623950979951,3.83825628974976
2022-09-28,2022:Q3,5.58623950979951,3.83825628974976
2022-09-29,2022:Q3,5.58623950979951,3.83825628974976
2022-09-30,2022:Q3,5.58623950979951,4.21509486249669
2022-10-03,2022:Q3,5.58623950979951,4.21509486249669
2022-10-04,2022:Q3,5.58623950979951,4.21509486249669
2022-10-05,2022:Q3,5.58623950979951,4.21509486249669
2022-10-06,2022:Q3,5.58623950979951,4.21509486249669
2022-10-07,2022:Q3,5.58623950979951,4.21509486249669
2022-10-11,2022:Q3,5.58623950979951,4.21509486249669
2022-10-12,2022:Q3,5.58623950979951,4.21509486249669
2022-10-13,2022:Q3,,4.25133466555434
2022-10-14,2022:Q3,,4.25133466555434
2022-10-17,2022:Q3,,4.25133466555434
2022-10-18,2022:Q3,,4.25133466555434
2022-10-19,2022:Q3,,4.25133466555434
2022-10-20,2022:Q3,,4.25133466555434
2022-10-21,2022:Q3,,4.25133466555434
2022-10-24,2022:Q3,,4.25133466555434
2022-10-25,2022:Q3,,4.25133466555434
2022-10-26,2022:Q3,,4.25133466555434
2022-10-27,2022:Q3,,
2022-10-03,2022:Q4,5.22885928159516,4.67830401470102
2022-10-04,2022:Q4,6.42574547015804,5.36465814409808
2022-10-05,2022:Q4,6.61523407095628,5.47339206301762
2022-10-06,2022:Q4,6.73162406680858,5.54014858639866
2022-10-07,2022:Q4,6.74827433174223,5.54969654710917
2022-10-11,2022:Q4,6.89975584947804,5.63654004186065
2022-10-12,2022:Q4,6.87621650425609,5.62325879455123
2022-10-13,2022:Q4,6.91949035581854,5.59910527845084
2022-10-14,2022:Q4,7.14229608341435,5.72648139735765
2022-10-17,2022:Q4,6.96477772881401,5.62500272016928
2022-10-18,2022:Q4,6.95096903135148,5.61710664095449
2022-10-19,2022:Q4,6.62069414162763,5.42818386413308
2022-10-20,2022:Q4,6.72634329059281,5.48864719777997
2022-10-21,2022:Q4,6.82615307647858,5.54575061910216
2022-10-24,2022:Q4,6.92056540831549,5.59974993807177
2022-10-25,2022:Q4,6.81176421515819,5.53740851258251
2022-10-26,2022:Q4,6.87457906052162,5.57334249655175
2022-10-27,2022:Q4,7.12033996112469,5.71386648778183
2022-10-28,2022:Q4,7.23000918892045,5.74128247979413
2022-10-31,2022:Q4,7.02953648059905,5.62370952272344
2022-11-01,2022:Q4,6.84311325585201,5.51686513514826
2022-11-02,2022:Q4,7.17053708833066,5.70383962297913
2022-11-03,2022:Q4,7.27626412234585,5.76431989065909
2022-11-04,2022:Q4,7.19713354624181,5.71906885811166
2022-11-07,2022:Q4,7.41304854709495,5.8425173776937
2022-11-08,2022:Q4,7.15217567348132,5.69329745147369
2022-11-09,2022:Q4,7.06694326756472,5.64453418518909
2022-11-10,2022:Q4,5.4322289226455,4.66622723914059
2022-11-14,2022:Q4,5.56806714493419,4.74408869264948
2022-11-15,2022:Q4,5.41689444632276,4.65741992835187
2022-11-16,2022:Q4,5.41406367525921,4.65579681247517
2022-11-17,2022:Q4,5.33203969309533,4.60875965935961
2022-11-18,2022:Q4,5.23492760268212,4.55305512969686
2022-11-21,2022:Q4,5.12825841402735,4.49184976789454
2022-11-22,2022:Q4,5.05744716601961,4.45114727143037
2022-11-23,2022:Q4,5.14427987256705,4.50099299578117
2022-11-25,2022:Q4,5.00023370514433,4.41829713803377
2022-11-28,2022:Q4,4.95241848877812,4.39083882311828
2022-11-29,2022:Q4,4.82192014008467,4.31581581546134
2022-11-30,2022:Q4,4.85772680481564,4.33639145830111
2022-12-01,2022:Q4,4.98247487211416,4.29345271926322
2022-12-02,2022:Q4,5.05160749778917,4.33332879274027
2022-12-05,2022:Q4,4.98702907227038,4.2960798606487
2022-12-06,2022:Q4,4.77688907336633,4.17482088458412
2022-12-07,2022:Q4,4.77688907336633,4.17482088458412
2022-12-08,2022:Q4,4.77688907336633,4.17482088458412
2022-12-09,2022:Q4,4.77688907336633,4.17482088458412
2022-12-12,2022:Q4,4.77688907336633,4.17482088458412
2022-12-13,2022:Q4,3.57909515188179,3.38202122295432
2022-12-14,2022:Q4,3.57909515188179,3.38202122295432
2022-12-15,2022:Q4,3.57909515188179,3.38202122295432
2022-12-16,2022:Q4,3.57909515188179,3.38202122295432
2022-12-19,2022:Q4,3.57909515188179,3.38202122295432
2022-12-20,2022:Q4,3.47378968775838,3.32053705379618
2022-12-21,2022:Q4,3.47378968775838,3.32053705379618
2022-12-22,2022:Q4,3.47378968775838,3.32053705379618
2022-12-23,2022:Q4,3.47378968775838,3.37940158337027
2022-12-27,2022:Q4,3.47378968775838,3.37940158337027
2022-12-28,2022:Q4,3.40858932308019,3.34173915812774
2022-12-29,2022:Q4,3.40858932308019,3.34173915812774
2022-12-30,2022:Q4,3.40858932308019,3.34173915812774
2023-01-03,2022:Q4,3.40858932308019,3.34173915812774
2023-01-04,2022:Q4,3.40858932308019,3.34173915812774
2023-01-05,2022:Q4,3.40858932308019,3.34173915812774
2023-01-06,2022:Q4,3.40858932308019,3.34173915812774
2023-01-09,2022:Q4,3.40858932308019,3.34173915812774
2023-01-10,2022:Q4,3.40858932308019,3.34173915812774
2023-01-11,2022:Q4,3.40858932308019,3.34173915812774
2023-01-12,2022:Q4,,3.15298932464161
2023-01-13,2022:Q4,,3.15298932464161
2023-01-17,2022:Q4,,3.15298932464161
2023-01-18,2022:Q4,,3.15298932464161
2023-01-19,2022:Q4,,3.15298932464161
2023-01-20,2022:Q4,,3.15298932464161
2023-01-23,2022:Q4,,3.15298932464161
2023-01-24,2022:Q4,,3.15298932464161
2023-01-25,2022:Q4,,3.15298932464161
2023-01-26,2022:Q4,,
2023-01-03,2023:Q1,5.42927661774955,4.36992995087273
2023-01-04,2023:Q1,4.67671031355288,3.93799226557006
2023-01-05,2023:Q1,4.28796440207135,3.71453234084904
2023-01-06,2023:Q1,4.4147641467627,3.78744970106064
2023-01-09,2023:Q1,4.47014088217286,3.81928548034978
2023-01-10,2023:Q1,4.66966452316007,3.93396980073299
2023-01-11,2023:Q1,4.74980937693386,3.98000181506966
2023-01-12,2023:Q1,4.25997950300687,3.64310378213879
2023-01-13,2023:Q1,4.43725330340816,3.74741192432377
2023-01-17,2023:Q1,4.47902305992243,3.7719811152813
2023-01-18,2023:Q1,4.63187770361311,3.86186459875066
2023-01-19,2023:Q1,4.58511085632578,3.83437171034506
2023-01-20,2023:Q1,4.68154978888429,3.89106111933599
2023-01-23,2023:Q1,4.79389890221382,3.95708204933141
2023-01-24,2023:Q1,5.0722619931338,4.12055324711302
2023-01-25,2023:Q1,4.78795152623812,3.95360858021487
2023-01-26,2023:Q1,4.71960620328462,3.91345535447616
2023-01-27,2023:Q1,4.88459120679778,3.99491557178118
2023-01-30,2023:Q1,4.73065779997957,3.90532418193013
2023-01-31,2023:Q1,4.76878688925781,3.92758958426658
2023-02-01,2023:Q1,4.79577793195092,3.94329705839853
2023-02-02,2023:Q1,4.38855403825624,3.7043178927993
2023-02-03,2023:Q1,4.40424861458453,3.71346131937089
2023-02-06,2023:Q1,4.19941889999604,3.59410192187564
2023-02-07,2023:Q1,4.77925030385833,3.93196198093027
2023-02-08,2023:Q1,4.91613290981243,4.01150775461483
2023-02-09,2023:Q1,4.97824648968936,4.04759282048361
2023-02-10,2023:Q1,5.37671711104883,3.85617657988901
2023-02-13,2023:Q1,5.44634973865914,3.90581863424722
2023-02-14,2023:Q1,4.80238788343439,3.54621754237843
2023-02-15,2023:Q1,4.73818239425707,3.50004044569923
2023-02-16,2023:Q1,4.69812111570842,3.47122512961551
2023-02-17,2023:Q1,4.68447105295069,3.46140638493946
2023-02-21,2023:Q1,4.633089631521,3.42444442661523
2023-02-22,2023:Q1,4.55851725382568,3.37076339815963
2023-02-23,2023:Q1,4.44508435026183,3.28913588980815
2023-02-24,2023:Q1,4.50637894041148,4.82981709356207
2023-02-27,2023:Q1,4.5554581608797,4.86489710703484
2023-02-28,2023:Q1,4.47318567566446,4.80605526067306
2023-03-01,2023:Q1,4.56429411277968,4.87118114944147
2023-03-02,2023:Q1,4.56920480374807,4.87469104896483
2023-03-03,2023:Q1,4.59130505360545,4.89048668711609
2023-03-06,2023:Q1,4.62286991920735,4.91304569147295
2023-03-07,2023:Q1,4.58197252711188,4.8838165692072
2023-03-08,2023:Q1,4.58197252711188,4.8838165692072
2023-03-09,2023:Q1,4.58197252711188,4.8838165692072
2023-03-10,2023:Q1,4.58197252711188,4.8838165692072
2023-03-13,2023:Q1,4.58197252711188,4.8838165692072
2023-03-14,2023:Q1,4.15861392552224,4.5614909369263
2023-03-15,2023:Q1,4.15861392552224,4.5614909369263
2023-03-16,2023:Q1,4.15861392552224,4.5614909369263
2023-03-17,2023:Q1,4.15861392552224,4.5614909369263
2023-03-20,2023:Q1,4.15861392552224,4.5614909369263
2023-03-21,2023:Q1,4.15723551898357,4.56050323304531
2023-03-22,2023:Q1,4.15723551898357,4.56050323304531
2023-03-23,2023:Q1,4.15723551898357,4.56050323304531
2023-03-24,2023:Q1,4.15723551898357,4.56050323304531
2023-03-27,2023:Q1,4.15723551898357,4.56050323304531
2023-03-28,2023:Q1,4.15613280360316,4.55971307497878
2023-03-29,2023:Q1,4.15613280360316,4.55971307497878
2023-03-30,2023:Q1,4.15613280360316,4.55971307497878
2023-03-31,2023:Q1,4.15613280360316,4.1941787988532
2023-04-03,2023:Q1,4.15613280360316,4.1941787988532
2023-04-04,2023:Q1,4.15613280360316,4.1941787988532
2023-04-05,2023:Q1,4.15613280360316,4.1941787988532
2023-04-06,2023:Q1,4.15613280360316,4.1941787988532
2023-04-07,2023:Q1,4.15613280360316,4.1941787988532
2023-04-10,2023:Q1,4.15613280360316,4.1941787988532
2023-04-11,2023:Q1,4.15613280360316,4.1941787988532
2023-04-12,2023:Q1,,3.93263303950084
2023-04-13,2023:Q1,,3.93263303950084
2023-04-14,2023:Q1,,3.93263303950084
2023-04-17,2023:Q1,,3.93263303950084
2023-04-18,2023:Q1,,3.93263303950084
2023-04-19,2023:Q1,,3.93263303950084
2023-04-20,2023:Q1,,3.93263303950084
2023-04-21,2023:Q1,,3.93263303950084
2023-04-24,2023:Q1,,3.93263303950084
2023-04-25,2023:Q1,,3.93263303950084
2023-04-26,2023:Q1,,3.93263303950084
2023-04-27,2023:Q1,,
2023-04-03,2023:Q2,4.50074610498861,3.76034446564233
2023-04-04,2023:Q2,4.56215667389916,3.77326045731894
2023-04-05,2023:Q2,4.5497692214445,3.76447092110159
2023-04-06,2023:Q2,4.58447842358574,3.78909830609024
2023-04-07,2023:Q2,4.57317298029387,3.78107690051133
2023-04-10,2023:Q2,4.5566929880928,3.76938371902613
2023-04-11,2023:Q2,4.72139366495528,3.8863890074708
2023-04-12,2023:Q2,3.96988898067387,3.31032633980739
2023-04-13,2023:Q2,4.16412067155922,3.44685004550735
2023-04-14,2023:Q2,4.06574935184862,3.37771298357719
2023-04-17,2023:Q2,4.03994279379827,3.35957322513722
2023-04-18,2023:Q2,4.12012332638421,3.41607696457977
2023-04-19,2023:Q2,4.10324122970633,3.40421329742699
2023-04-20,2023:Q2,4.088440035722,3.39381159620609
2023-04-21,2023:Q2,3.87643705414806,3.24478717095991
2023-04-24,2023:Q2,3.89472194287115,3.2576429973556
2023-04-25,2023:Q2,3.88440983276663,3.2504842709679
2023-04-26,2023:Q2,3.69198495758192,3.11517214029546
2023-04-27,2023:Q2,3.64196490528974,3.07998894091921
2023-04-28,2023:Q2,3.51004062824156,3.07452672240418
2023-05-01,2023:Q2,3.70712304713483,3.21337202429441
2023-05-02,2023:Q2,4.26632971958474,3.59347645536623
2023-05-03,2023:Q2,4.1641445489248,3.52159347790884
2023-05-04,2023:Q2,4.07061706840965,3.45578728037694
2023-05-05,2023:Q2,4.12317956058674,3.49277199121711
2023-05-08,2023:Q2,4.24532021913588,3.57869841456397
2023-05-09,2023:Q2,4.21579386460795,3.55792740825402
2023-05-10,2023:Q2,3.10719626334104,2.79548863625574
2023-05-11,2023:Q2,3.10792855157067,2.79599872101242
2023-05-12,2023:Q2,3.05979285634568,2.76246744301845
2023-05-15,2023:Q2,3.00251546023809,2.72256345292274
2023-05-16,2023:Q2,3.0386124541897,2.74771332914008
2023-05-17,2023:Q2,3.011772122712,2.7290133247482
2023-05-18,2023:Q2,3.11298279270116,2.79952235134655
2023-05-19,2023:Q2,3.05006117004654,2.75568946187665
2023-05-22,2023:Q2,3.04057305537597,2.74907926207208
2023-05-23,2023:Q2,3.05639394904857,2.76010289850621
2023-05-24,2023:Q2,3.10775282945284,2.79588151188033
2023-05-25,2023:Q2,3.1050465477471,2.79399631027462
2023-05-26,2023:Q2,3.02292428794257,3.05857723466378
2023-05-30,2023:Q2,3.09008617425248,3.10576739113921
2023-05-31,2023:Q2,2.92502939784514,2.9897806383762
2023-06-01,2023:Q2,2.90075775338439,2.972721528322
2023-06-02,2023:Q2,2.99695201383317,3.04032553962654
2023-06-05,2023:Q2,3.02650345510409,3.06109105853543
2023-06-06,2023:Q2,3.18671630669884,3.17364799288176
2023-06-07,2023:Q2,3.18671630669884,3.17364799288176
2023-06-08,2023:Q2,3.18671630669884,3.17364799288176
2023-06-09,2023:Q2,3.18671630669884,3.17364799288176
2023-06-12,2023:Q2,3.18671630669884,3.17364799288176
2023-06-13,2023:Q2,3.03759235152332,3.02153696456293
2023-06-14,2023:Q2,3.03759235152332,3.02153696456293
2023-06-15,2023:Q2,3.03759235152332,3.02153696456293
2023-06-16,2023:Q2,3.03759235152332,3.02153696456293
2023-06-20,2023:Q2,3.03759235152332,3.02153696456293
2023-06-21,2023:Q2,3.0423084845669,3.02486038011236
2023-06-22,2023:Q2,3.0423084845669,3.02486038011236
2023-06-23,2023:Q2,3.0423084845669,3.02486038011236
2023-06-26,2023:Q2,3.0423084845669,3.02486038011236
2023-06-27,2023:Q2,3.04270150296166,3.02513733503771
2023-06-28,2023:Q2,3.04270150296166,3.02513733503771
2023-06-29,2023:Q2,3.04270150296166,3.02513733503771
2023-06-30,2023:Q2,3.04270150296166,3.01630630363525
2023-07-03,2023:Q2,3.04270150296166,3.01630630363525
2023-07-05,2023:Q2,3.04270150296166,3.01630630363525
2023-07-06,2023:Q2,3.04270150296166,3.01630630363525
2023-07-07,2023:Q2,3.04270150296166,3.01630630363525
2023-07-10,2023:Q2,3.04270150296166,3.01630630363525
2023-07-11,2023:Q2,3.04270150296166,3.01630630363525
2023-07-12,2023:Q2,,2.75710686264132
2023-07-13,2023:Q2,,2.75710686264132
2023-07-14,2023:Q2,,2.75710686264132
2023-07-17,2023:Q2,,2.75710686264132
2023-07-18,2023:Q2,,2.75710686264132
2023-07-19,2023:Q2,,2.75710686264132
2023-07-20,2023:Q2,,2.75710686264132
2023-07-21,2023:Q2,,2.75710686264132
2023-07-24,2023:Q2,,2.75710686264132
2023-07-25,2023:Q2,,2.75710686264132
2023-07-26,2023:Q2,,2.75710686264132
2023-07-27,2023:Q2,,
2023-07-03,2023:Q3,3.664607774878,3.36709675933058
2023-07-05,2023:Q3,4.44242126274921,3.88262193184301
2023-07-06,2023:Q3,4.45170513331685,3.88907521706778
2023-07-07,2023:Q3,4.42389691678209,3.86974512362024
2023-07-10,2023:Q3,4.56651112309909,3.96886657404627
2023-07-11,2023:Q3,4.57102611887039,3.97200391968773
2023-07-12,2023:Q3,3.88452712286926,3.41865992577084
2023-07-13,2023:Q3,3.92621824224113,3.44757384428438
2023-07-14,2023:Q3,3.94854299246743,3.46305553567869
2023-07-17,2023:Q3,3.84879395328683,3.3938758248224
2023-07-18,2023:Q3,3.73313504301858,3.31364320585077
2023-07-19,2023:Q3,3.8556889539076,3.3986570235766
2023-07-20,2023:Q3,3.8620809717516,3.403090420308
2023-07-21,2023:Q3,3.80092585246936,3.36067160909359
2023-07-24,2023:Q3,3.92088147640248,3.44387044418406
2023-07-25,2023:Q3,4.18592713636239,3.62761203668334
2023-07-26,2023:Q3,4.22193009184686,3.65256252031705
2023-07-27,2023:Q3,4.13557039177501,3.59271078731489
2023-07-28,2023:Q3,4.23548760354975,3.59827865094029
2023-07-31,2023:Q3,4.19471465918397,3.56973569740333
2023-08-01,2023:Q3,4.5052491712535,3.7870314506173
2023-08-02,2023:Q3,4.55736075518518,3.80665894706926
2023-08-03,2023:Q3,4.38748500854587,3.6878785013736
2023-08-04,2023:Q3,4.53190922706548,3.78883203791271
2023-08-07,2023:Q3,4.62620012745292,3.85473813457184
2023-08-08,2023:Q3,4.96501823081394,4.0916271456712
2023-08-09,2023:Q3,4.95572270875517,4.08514174011749
2023-08-10,2023:Q3,3.92332372256354,3.34442320878126
2023-08-11,2023:Q3,3.90891286815567,3.33436756917012
2023-08-14,2023:Q3,3.92739395837345,3.34726329091688
2023-08-15,2023:Q3,3.90942728203334,3.3347616864408
2023-08-16,2023:Q3,3.83946840627147,3.2859430353896
2023-08-17,2023:Q3,3.77516074780018,3.24106141961498
2023-08-18,2023:Q3,3.81271637439184,3.26727300700387
2023-08-21,2023:Q3,3.84584070901084,3.2903900555906
2023-08-22,2023:Q3,3.86599389681619,3.30449197503573
2023-08-23,2023:Q3,3.84325345402172,3.28862316231491
2023-08-24,2023:Q3,3.81222656393447,3.26697061833034
2023-08-25,2023:Q3,3.81484369555918,3.26879707572751
2023-08-28,2023:Q3,3.8189849327904,3.27168716279791
2023-08-29,2023:Q3,3.84841823787607,3.29220000676185
2023-08-30,2023:Q3,3.8804509014075,3.31455325539416
2023-08-31,2023:Q3,3.90549366747512,3.65628696404796
2023-09-01,2023:Q3,3.96321058773486,3.69681225588718
2023-09-05,2023:Q3,4.08979736458583,3.78567625998751
2023-09-06,2023:Q3,3.99097981106766,3.71630832598944
2023-09-07,2023:Q3,3.99097981106766,3.71630832598944
2023-09-08,2023:Q3,3.99097981106766,3.71630832598944
2023-09-11,2023:Q3,3.99097981106766,3.71630832598944
2023-09-12,2023:Q3,4.00291512032158,3.72468744982002
2023-09-13,2023:Q3,3.5401366535063,3.40197414345593
2023-09-14,2023:Q3,3.5401366535063,3.40197414345593
2023-09-15,2023:Q3,3.5401366535063,3.40197414345593
2023-09-18,2023:Q3,3.5401366535063,3.40197414345593
2023-09-19,2023:Q3,3.57334846496133,3.42541461633443
2023-09-20,2023:Q3,3.57334846496133,3.42541461633443
2023-09-21,2023:Q3,3.57334846496133,3.42541461633443
2023-09-22,2023:Q3,3.57334846496133,3.42541461633443
2023-09-25,2023:Q3,3.57334846496133,3.42541461633443
2023-09-26,2023:Q3,3.57603506362492,3.42731071112674
2023-09-27,2023:Q3,3.57603506362492,3.42731071112674
2023-09-28,2023:Q3,3.57603506362492,3.42731071112674
2023-09-29,2023:Q3,3.57603506362492,2.9887595862119
2023-10-02,2023:Q3,3.57603506362492,2.9887595862119
2023-10-03,2023:Q3,3.57603506362492,2.9887595862119
2023-10-04,2023:Q3,3.57603506362492,2.9887595862119
2023-10-05,2023:Q3,3.57603506362492,2.9887595862119
2023-10-06,2023:Q3,3.57603506362492,2.9887595862119
2023-10-10,2023:Q3,3.57603506362492,2.9887595862119
2023-10-11,2023:Q3,3.57603506362492,2.9887595862119
2023-10-12,2023:Q3,,2.99825724356599
2023-10-13,2023:Q3,,2.99825724356599
2023-10-16,2023:Q3,,2.99825724356599
2023-10-17,2023:Q3,,2.99825724356599
2023-10-18,2023:Q3,,2.99825724356599
2023-10-19,2023:Q3,,2.99825724356599
2023-10-20,2023:Q3,,2.99825724356599
2023-10-23,2023:Q3,,2.99825724356599
2023-10-24,2023:Q3,,2.99825724356599
2023-10-25,2023:Q3,,2.99825724356599
2023-10-26,2023:Q3,,
2023-10-02,2023:Q4,4.25486424970831,3.67354709293946
2023-10-03,2023:Q4,4.2066890238285,3.65294484144492
2023-10-04,2023:Q4,4.21932886379117,3.66072440093865
2023-10-05,2023:Q4,3.85410520353056,3.43582372742219
2023-10-06,2023:Q4,3.70131948472601,3.34167031770329
2023-10-10,2023:Q4,4.16600311132265,3.62790160311461
2023-10-11,2023:Q4,3.93285528974032,3.48433918264262
2023-10-12,2023:Q4,3.78925333262445,3.41084199244126
2023-10-13,2023:Q4,3.75411511832893,3.38917311037656
2023-10-16,2023:Q4,4.19428172178837,3.66045622901561
2023-10-17,2023:Q4,3.94618011492438,3.50765968364697
2023-10-18,2023:Q4,3.88097552440938,3.46745758315141
2023-10-19,2023:Q4,4.10031569935894,3.60266274648242
2023-10-20,2023:Q4,3.97758401616002,3.52701919090459
2023-10-23,2023:Q4,3.97001700811788,3.52235452952054
2023-10-24,2023:Q4,3.62241810233095,3.30803056495277
2023-10-25,2023:Q4,3.41918606367226,3.18256791021354
2023-10-26,2023:Q4,3.62020118018314,3.3066623710172
2023-10-27,2023:Q4,3.47414579487295,3.19321356251672
2023-10-30,2023:Q4,3.56451553155355,3.24898604057973
2023-10-31,2023:Q4,3.24219206411727,3.05004696396298
2023-11-01,2023:Q4,3.09109238530922,2.95668753511977
2023-11-02,2023:Q4,3.40186807484171,3.15281610418745
2023-11-03,2023:Q4,3.55947477570884,3.25008977682255
2023-11-06,2023:Q4,3.42340662956402,3.16609188720207
2023-11-07,2023:Q4,3.19507910350123,3.02521171203822
2023-11-08,2023:Q4,3.00044300018445,2.90484135642504
2023-11-09,2023:Q4,2.87571695868361,2.82767188445063
2023-11-10,2023:Q4,2.97541047302528,2.88935557873038
2023-11-13,2023:Q4,3.04474964785628,2.93224797574863
2023-11-14,2023:Q4,2.90799437969269,2.772348536292
2023-11-15,2023:Q4,2.91685520943197,2.77785055891182
2023-11-16,2023:Q4,2.87873944113046,2.75418208964302
2023-11-17,2023:Q4,2.63221522843606,2.60103961764411
2023-11-20,2023:Q4,2.84872575578066,2.73554296073457
2023-11-21,2023:Q4,2.89167819511971,2.76228411885149
2023-11-22,2023:Q4,2.85867890797289,2.74178914336718
2023-11-24,2023:Q4,2.80668734716178,2.70949478969509
2023-11-27,2023:Q4,2.79355839873434,2.70133906240435
2023-11-28,2023:Q4,2.68847217220192,2.63611069405609
2023-11-29,2023:Q4,2.77518760857456,2.68999465502908
2023-11-30,2023:Q4,2.83013219628592,2.48463139112869
2023-12-01,2023:Q4,2.78005153913028,2.45354199912355
2023-12-04,2023:Q4,2.66767955780629,2.38376739724264
2023-12-05,2023:Q4,2.62621176895079,2.35801354232219
2023-12-06,2023:Q4,2.62621176895079,2.35801354232219
2023-12-07,2023:Q4,2.62621176895079,2.35801354232219
2023-12-08,2023:Q4,2.62621176895079,2.35801354232219
2023-12-11,2023:Q4,2.62621176895079,2.35801354232219
2023-12-12,2023:Q4,2.84583466453772,2.4681842607543
2023-12-13,2023:Q4,2.84583466453772,2.4681842607543
2023-12-14,2023:Q4,2.84583466453772,2.4681842607543
2023-12-15,2023:Q4,2.84583466453772,2.4681842607543
2023-12-18,2023:Q4,2.84583466453772,2.4681842607543
2023-12-19,2023:Q4,2.77557163284681,2.42449920686174
2023-12-20,2023:Q4,2.77557163284681,2.42449920686174
2023-12-21,2023:Q4,2.77557163284681,2.42449920686174
2023-12-22,2023:Q4,2.77557163284681,1.7989133115214
2023-12-26,2023:Q4,2.77557163284681,1.7989133115214
2023-12-27,2023:Q4,2.76538380177254,1.79258229686405
2023-12-28,2023:Q4,2.76538380177254,1.79258229686405
2023-12-29,2023:Q4,2.76538380177254,1.79258229686405
2024-01-02,2023:Q4,2.76538380177254,1.79258229686405
2024-01-03,2023:Q4,2.76538380177254,1.79258229686405
2024-01-04,2023:Q4,2.76538380177254,1.79258229686405
2024-01-05,2023:Q4,2.76538380177254,1.79258229686405
2024-01-08,2023:Q4,2.76538380177254,1.79258229686405
2024-01-09,2023:Q4,2.76538380177254,1.79258229686405
2024-01-10,2023:Q4,2.76538380177254,1.79258229686405
2024-01-11,2023:Q4,,1.81327550821928
2024-01-12,2023:Q4,,1.81327550821928
2024-01-16,2023:Q4,,1.81327550821928
2024-01-17,2023:Q4,,1.81327550821928
2024-01-18,2023:Q4,,1.81327550821928
2024-01-19,2023:Q4,,1.81327550821928
2024-01-22,2023:Q4,,1.81327550821928
2024-01-23,2023:Q4,,1.81327550821928
2024-01-24,2023:Q4,,1.81327550821928
2024-01-25,2023:Q4,,
2024-01-02,2024:Q1,3.0922756813194,2.28293592409956
2024-01-03,2024:Q1,2.83893331862064,2.13501208238758
2024-01-04,2024:Q1,2.99063718035322,2.22958261731669
2024-01-05,2024:Q1,2.9225173909897,2.18712248038768
2024-01-08,2024:Q1,2.99660149941647,2.23329988369934
2024-01-09,2024:Q1,2.64779382476912,2.015799911668
2024-01-10,2024:Q1,2.88651682156105,2.16468423641136
2024-01-11,2024:Q1,2.75230784557361,2.12753479107524
2024-01-12,2024:Q1,2.76074150136962,2.13279934590269
2024-01-16,2024:Q1,2.95962365452558,2.25691163603761
2024-01-17,2024:Q1,2.89853100620789,2.21880174467817
2024-01-18,2024:Q1,2.78458184810175,2.14768549152411
2024-01-19,2024:Q1,2.94797866705367,2.2496551862055
2024-01-22,2024:Q1,2.9172948547302,2.23051017101397
2024-01-23,2024:Q1,3.10167114781803,2.34553210331572
2024-01-24,2024:Q1,2.95940221777087,2.25678707894039
2024-01-25,2024:Q1,3.04155578816734,2.30803745684398
2024-01-26,2024:Q1,3.2295921730926,2.09377849725216
2024-01-29,2024:Q1,3.3188758453341,2.14922212413668
2024-01-30,2024:Q1,3.26710448868532,2.11706656398443
2024-01-31,2024:Q1,3.36257045323911,2.17634144953387
2024-02-01,2024:Q1,3.09964182023661,2.01305050193414
2024-02-02,2024:Q1,2.76262787256951,1.81006607704197
2024-02-05,2024:Q1,2.56842323551243,1.68925065745267
2024-02-06,2024:Q1,2.60218397990508,1.71023622491513
2024-02-07,2024:Q1,2.62011940618649,1.72138923176235
2024-02-08,2024:Q1,2.65481879676051,1.74296523428099
2024-02-09,2024:Q1,2.55397237447577,1.74086866378773
2024-02-12,2024:Q1,2.57061391754405,1.75056753637854
2024-02-13,2024:Q1,3.40459612057606,2.36889544068297
2024-02-14,2024:Q1,3.45434452275628,2.39806457400824
2024-02-15,2024:Q1,3.37828560451385,2.3534669803285
2024-02-16,2024:Q1,3.39095617914118,2.36089714250287
2024-02-20,2024:Q1,3.40571758189967,2.36955303780939
2024-02-21,2024:Q1,3.46007831157777,2.40149386296165
2024-02-22,2024:Q1,3.45030694023301,2.39576606112055
2024-02-23,2024:Q1,3.50296954484333,2.4266339745812
2024-02-26,2024:Q1,3.39077804047569,2.36086771719295
2024-02-27,2024:Q1,3.49634824857203,2.42278220838756
2024-02-28,2024:Q1,3.5246903425479,2.43939204665624
2024-02-29,2024:Q1,3.50015168189977,2.73783349809651
2024-03-01,2024:Q1,3.5057141710686,2.74108877712766
2024-03-04,2024:Q1,3.59100802698165,2.79099769287092
2024-03-05,2024:Q1,3.59881408573592,2.79556470450883
2024-03-06,2024:Q1,3.59881408573592,2.79556470450883
2024-03-07,2024:Q1,3.59881408573592,2.79556470450883
2024-03-08,2024:Q1,3.59881408573592,2.79556470450883
2024-03-11,2024:Q1,3.59881408573592,2.79556470450883
2024-03-12,2024:Q1,3.64517641968554,2.96042567927857
2024-03-13,2024:Q1,3.64517641968554,2.96042567927857
2024-03-14,2024:Q1,3.64517641968554,2.96042567927857
2024-03-15,2024:Q1,3.64517641968554,2.96042567927857
2024-03-18,2024:Q1,3.64517641968554,2.96042567927857
2024-03-19,2024:Q1,3.6980324612762,2.99125814510419
2024-03-20,2024:Q1,3.6980324612762,2.99125814510419
2024-03-21,2024:Q1,3.6980324612762,2.99125814510419
2024-03-22,2024:Q1,3.6980324612762,2.99125814510419
2024-03-25,2024:Q1,3.6980324612762,2.99125814510419
2024-03-26,2024:Q1,3.7553159837735,3.02466779697783
2024-03-27,2024:Q1,3.7553159837735,3.02466779697783
2024-03-28,2024:Q1,3.7553159837735,3.02466779697783
2024-03-29,2024:Q1,3.7553159837735,3.09801961283023
2024-04-01,2024:Q1,3.7553159837735,3.09801961283023
2024-04-02,2024:Q1,3.7553159837735,3.09801961283023
2024-04-03,2024:Q1,3.7553159837735,3.09801961283023
2024-04-04,2024:Q1,3.7553159837735,3.09801961283023
2024-04-05,2024:Q1,3.7553159837735,3.09801961283023
2024-04-08,2024:Q1,3.7553159837735,3.09801961283023
2024-04-09,2024:Q1,3.7553159837735,3.09801961283023
2024-04-10,2024:Q1,,3.18395968997021
2024-04-11,2024:Q1,,3.18395968997021
2024-04-12,2024:Q1,,3.18395968997021
2024-04-15,2024:Q1,,3.18395968997021
2024-04-16,2024:Q1,,3.18395968997021
2024-04-17,2024:Q1,,3.18395968997021
2024-04-18,2024:Q1,,3.18395968997021
2024-04-19,2024:Q1,,3.18395968997021
2024-04-22,2024:Q1,,3.18395968997021
2024-04-23,2024:Q1,,3.18395968997021
2024-04-24,2024:Q1,,3.18395968997021
2024-04-25,2024:Q1,,
2024-04-01,2024:Q2,3.8521464071404,2.87893880022512
2024-04-02,2024:Q2,3.41296080195701,2.62684398147088
2024-04-03,2024:Q2,3.4968970654969,2.67565644055738
2024-04-04,2024:Q2,3.57464835295214,2.72086069379986
2024-04-05,2024:Q2,3.51238256904556,2.68466051619518
2024-04-08,2024:Q2,3.75767195765857,2.82722665871105
2024-04-09,2024:Q2,3.70390477102829,2.79606639578722
2024-04-10,2024:Q2,3.75791438947237,2.97008167692843
2024-04-11,2024:Q2,3.7867179057923,2.9877867234849
2024-04-12,2024:Q2,3.79832991223963,2.99492402048316
2024-04-15,2024:Q2,3.87870297368911,3.04431867990622
2024-04-16,2024:Q2,3.84733731919524,3.02511901193245
2024-04-17,2024:Q2,3.90058503465054,3.05783652714049
2024-04-18,2024:Q2,3.65708733072756,2.90818119895995
2024-04-19,2024:Q2,3.61056436214604,2.87957601693551
2024-04-22,2024:Q2,3.62060964558508,2.88575279722452
2024-04-23,2024:Q2,3.63223320098589,2.89299420256663
2024-04-24,2024:Q2,3.74509557298113,2.96237149419349
2024-04-25,2024:Q2,3.71205808382082,2.94206543544675
2024-04-26,2024:Q2,3.75031289255099,3.03294148413396
2024-04-29,2024:Q2,3.87473046577782,3.10935734492772
2024-04-30,2024:Q2,3.8310927916102,3.08260244268883
2024-05-01,2024:Q2,3.7155518264125,3.01163373770501
2024-05-02,2024:Q2,3.39491522222783,2.81396196063968
2024-05-03,2024:Q2,3.42116135498005,2.83010553058247
2024-05-06,2024:Q2,3.37903908838193,2.80418874566732
2024-05-07,2024:Q2,3.89967884844702,3.1241052691144
2024-05-08,2024:Q2,3.92907514750465,3.14215825621664
2024-05-09,2024:Q2,3.91068207325378,3.1308627899042
2024-05-10,2024:Q2,3.93348450303836,3.14486602349884
2024-05-13,2024:Q2,3.88969172035192,3.11797159683849
2024-05-14,2024:Q2,3.85310977674995,3.09550424910892
2024-05-15,2024:Q2,3.3674809767813,2.92666601745293
2024-05-16,2024:Q2,3.3938876953499,2.94308255207922
2024-05-17,2024:Q2,3.41666106510805,2.95723935706529
2024-05-20,2024:Q2,3.44126257793613,2.97253161954782
2024-05-21,2024:Q2,3.37489676746516,2.93128059312289
2024-05-22,2024:Q2,3.35799507000933,2.92077209354491
2024-05-23,2024:Q2,3.32144058449977,2.8980429692798
2024-05-24,2024:Q2,3.25971800735585,2.85965949594247
2024-05-28,2024:Q2,3.36880629318266,2.92749394366008
2024-05-29,2024:Q2,3.40330502256512,2.94894728835058
2024-05-30,2024:Q2,3.37089777679154,2.92879867978721
2024-05-31,2024:Q2,3.30252100951192,2.86255284856876
2024-06-03,2024:Q2,3.26537528944841,2.83966742368806
2024-06-04,2024:Q2,3.30811460621956,2.86599885159184
2024-06-05,2024:Q2,3.30811460621956,2.86599885159184
2024-06-06,2024:Q2,3.30811460621956,2.86599885159184
2024-06-07,2024:Q2,3.30811460621956,2.86599885159184
2024-06-10,2024:Q2,3.30811460621956,2.86599885159184
2024-06-11,2024:Q2,3.23930241259904,2.82360255543108
2024-06-12,2024:Q2,3.02100563743362,2.73244311642493
2024-06-13,2024:Q2,3.02100563743362,2.73244311642493
2024-06-14,2024:Q2,3.02100563743362,2.73244311642493
2024-06-17,2024:Q2,3.02100563743362,2.73244311642493
2024-06-18,2024:Q2,3.00139733498335,2.72038920903614
2024-06-20,2024:Q2,3.00139733498335,2.72038920903614
2024-06-21,2024:Q2,3.00139733498335,2.72038920903614
2024-06-24,2024:Q2,3.00139733498335,2.72038920903614
2024-06-25,2024:Q2,2.99197615939872,2.71459744904974
2024-06-26,2024:Q2,2.99197615939872,2.71459744904974
2024-06-27,2024:Q2,2.99197615939872,2.71459744904974
2024-06-28,2024:Q2,2.99197615939872,2.51514868184717
2024-07-01,2024:Q2,2.99197615939872,2.51514868184717
2024-07-02,2024:Q2,2.99197615939872,2.51514868184717
2024-07-03,2024:Q2,2.99197615939872,2.51514868184717
2024-07-05,2024:Q2,2.99197615939872,2.51514868184717
2024-07-08,2024:Q2,2.99197615939872,2.51514868184717
2024-07-09,2024:Q2,2.99197615939872,2.51514868184717
2024-07-10,2024:Q2,2.99197615939872,2.51514868184717
2024-07-11,2024:Q2,,2.41605766752815
2024-07-12,2024:Q2,,2.41605766752815
2024-07-15,2024:Q2,,2.41605766752815
2024-07-16,2024:Q2,,2.41605766752815
2024-07-17,2024:Q2,,2.41605766752815
2024-07-18,2024:Q2,,2.41605766752815
2024-07-19,2024:Q2,,2.41605766752815
2024-07-22,2024:Q2,,2.41605766752815
2024-07-23,2024:Q2,,2.41605766752815
2024-07-24,2024:Q2,,2.41605766752815
2024-07-25,2024:Q2,,
2024-07-01,2024:Q3,2.47594352079814,2.00817270281255
2024-07-02,2024:Q3,2.43902879390216,1.97835563507303
2024-07-03,2024:Q3,2.45664719025682,1.98932066061575
2024-07-05,2024:Q3,2.53311337085076,2.03690395165506
2024-07-08,2024:Q3,2.4789106008654,2.00317578071765
2024-07-09,2024:Q3,2.39647816042841,1.95187213087553
2024-07-10,2024:Q3,2.33357068360267,1.91271266203199
2024-07-11,2024:Q3,1.88569401028351,1.62767334516998
2024-07-12,2024:Q3,1.92527960287106,1.65352103105298
2024-07-15,2024:Q3,1.9263575736123,1.6542248617212
2024-07-16,2024:Q3,1.90051634182149,1.63735370673328
2024-07-17,2024:Q3,1.76004551099089,1.54561530122905
2024-07-18,2024:Q3,1.85064172477925,1.60478559003252
2024-07-19,2024:Q3,1.87115256751764,1.61817968614852
2024-07-22,2024:Q3,1.67472875396752,1.48988017850982
2024-07-23,2024:Q3,1.62217314885902,1.45553619354002
2024-07-24,2024:Q3,1.54476447751142,1.40494853395248
2024-07-25,2024:Q3,1.63196522515499,1.46193471477969
2024-07-26,2024:Q3,1.64578263821382,1.7845734389182
2024-07-29,2024:Q3,1.59960603338272,1.75306649335978
2024-07-30,2024:Q3,1.44619833172979,1.64836801603572
2024-07-31,2024:Q3,1.4108097065757,1.62421035204086
2024-08-01,2024:Q3,1.65981820002006,1.79414893106509
2024-08-02,2024:Q3,1.67468776090369,1.80462044232295
2024-08-05,2024:Q3,1.45453419290322,1.65438825769031
2024-08-06,2024:Q3,1.76749058693735,1.86794542515178
2024-08-07,2024:Q3,1.79324615235876,1.88550649057975
2024-08-08,2024:Q3,1.86368659719682,1.93352987968192
2024-08-09,2024:Q3,1.88704383016536,1.94945212445012
2024-08-12,2024:Q3,1.90991536683522,1.96504243241145
2024-08-13,2024:Q3,1.94556430570036,1.98933604194309
2024-08-14,2024:Q3,1.5348984635124,1.83089209848224
2024-08-15,2024:Q3,1.51062333439218,1.81479299008294
2024-08-16,2024:Q3,1.5082281148765,1.81320444299851
2024-08-19,2024:Q3,1.44036835353445,1.7681948284787
2024-08-20,2024:Q3,1.32857080646676,1.69401699561684
2024-08-21,2024:Q3,1.31363516590821,1.6841062510601
2024-08-22,2024:Q3,1.26719599531333,1.6532885443252
2024-08-23,2024:Q3,1.33522563295596,1.69843277540762
2024-08-26,2024:Q3,1.39953716640087,1.74110260420031
2024-08-27,2024:Q3,1.42754352455954,1.75967985675098
2024-08-28,2024:Q3,1.35682814780191,1.71276019659885
2024-08-29,2024:Q3,1.33333745470916,1.69717227911887
2024-08-30,2024:Q3,1.35773285977565,1.56713185791091
2024-09-03,2024:Q3,1.30144120746514,1.52976630155492
2024-09-04,2024:Q3,1.26835408965142,1.50780111433984
2024-09-05,2024:Q3,1.26835408965142,1.50780111433984
2024-09-06,2024:Q3,1.26835408965142,1.50780111433984
2024-09-09,2024:Q3,1.26835408965142,1.50780111433984
2024-09-10,2024:Q3,1.2329776154923,1.48431410623406
2024-09-11,2024:Q3,1.18670908005609,1.51166379158343
2024-09-12,2024:Q3,1.18670908005609,1.51166379158343
2024-09-13,2024:Q3,1.18670908005609,1.51166379158343
2024-09-16,2024:Q3,1.18670908005609,1.51166379158343
2024-09-17,2024:Q3,1.15181791311465,1.48743576190513
2024-09-18,2024:Q3,1.15181791311465,1.48743576190513
2024-09-19,2024:Q3,1.15181791311465,1.48743576190513
2024-09-20,2024:Q3,1.15181791311465,1.48743576190513
2024-09-23,2024:Q3,1.15181791311465,1.48743576190513
2024-09-24,2024:Q3,1.13570879590437,1.47624912291702
2024-09-25,2024:Q3,1.13570879590437,1.47624912291702
2024-09-26,2024:Q3,1.13570879590437,1.47624912291702
2024-09-27,2024:Q3,1.13570879590437,1.33064893763344
2024-09-30,2024:Q3,1.13570879590437,1.33064893763344
2024-10-01,2024:Q3,1.12391147702291,1.32304983987914
2024-10-02,2024:Q3,1.12391147702291,1.32304983987914
2024-10-03,2024:Q3,1.12391147702291,1.32304983987914
2024-10-04,2024:Q3,1.12391147702291,1.32304983987914
2024-10-07,2024:Q3,1.12391147702291,1.32304983987914
2024-10-08,2024:Q3,1.12391147702291,1.32304983987914
2024-10-09,2024:Q3,1.12391147702291,1.32304983987914
2024-10-10,2024:Q3,,1.39806858109723
2024-10-11,2024:Q3,,1.39806858109723
2024-10-15,2024:Q3,,1.39806858109723
2024-10-16,2024:Q3,,1.39806858109723
2024-10-17,2024:Q3,,1.39806858109723
2024-10-18,2024:Q3,,1.39806858109723
2024-10-21,2024:Q3,,1.39806858109723
2024-10-22,2024:Q3,,1.39806858109723
2024-10-23,2024:Q3,,1.39806858109723
2024-10-24,2024:Q3,,1.39806858109723
2024-10-25,2024:Q3,,1.39806858109723
2024-10-28,2024:Q3,,1.39806858109723
2024-10-29,2024:Q3,,1.39806858109723
2024-10-30,2024:Q3,,
2024-10-01,2024:Q4,2.11835587393785,1.84107961736528
2024-10-02,2024:Q4,2.89212123353144,2.34183431008985
2024-10-03,2024:Q4,2.74899076603974,2.25021139428854
2024-10-04,2024:Q4,3.15155262375073,2.50779177119838
2024-10-07,2024:Q4,3.17594300294468,2.5233950882138
2024-10-08,2024:Q4,2.95222764913894,2.3803704528381
2024-10-09,2024:Q4,2.62216564369937,2.16901642441345
2024-10-10,2024:Q4,2.77062131117152,2.29702832296637
2024-10-11,2024:Q4,3.02969790851879,2.46385050417772
2024-10-15,2024:Q4,2.87541789058956,2.36452185949807
2024-10-16,2024:Q4,2.55676643884006,2.15923453244553
2024-10-17,2024:Q4,2.59890183600424,2.18638778735949
2024-10-18,2024:Q4,2.56676735230466,2.16567968464527
2024-10-21,2024:Q4,2.54906380288424,2.15427040198406
2024-10-22,2024:Q4,2.6322786253554,2.20789522009679
2024-10-23,2024:Q4,2.79739482821113,2.31426288333092
2024-10-24,2024:Q4,2.67509044617977,2.23547905887853
2024-10-25,2024:Q4,2.64890985606026,2.21861116863196
2024-10-28,2024:Q4,2.806912496506,2.32039272190425
2024-10-29,2024:Q4,2.32442832635396,2.00944870919022
2024-10-30,2024:Q4,2.31007829820402,2.00019414870476
2024-10-31,2024:Q4,2.46338863906241,2.15444216831662
2024-11-01,2024:Q4,2.52867543490671,2.19624806574712
2024-11-04,2024:Q4,2.83246842590787,2.39140731465408
2024-11-05,2024:Q4,2.86760161569959,2.41387393064822
2024-11-06,2024:Q4,2.86922175111477,2.41490996788938
2024-11-07,2024:Q4,2.85257109078825,2.40426206639703
2024-11-08,2024:Q4,2.8818448765227,2.42298200003297
2024-11-12,2024:Q4,2.69236110744235,2.30178601840938
2024-11-13,2024:Q4,2.96346466752244,2.54985953813884
2024-11-14,2024:Q4,2.98202933946234,2.56165889316429
2024-11-15,2024:Q4,2.97573402905416,2.55765777739809
2024-11-18,2024:Q4,2.91938513414034,2.52184110563316
2024-11-19,2024:Q4,3.0102472523277,2.57959233161831
2024-11-20,2024:Q4,3.01681511219427,2.58376637379398
2024-11-21,2024:Q4,3.00345822449153,2.57527765566137
2024-11-22,2024:Q4,3.04545290143869,2.60196557426122
2024-11-25,2024:Q4,3.10499789567582,2.63980178732179
2024-11-26,2024:Q4,2.98518564557833,2.56366423540717
2024-11-27,2024:Q4,2.96702051262705,2.64042263126052
2024-11-29,2024:Q4,2.99970780532544,2.6611945996051
2024-12-02,2024:Q4,2.98987341263983,2.6549452740962
2024-12-03,2024:Q4,2.96350252455184,2.63818692976205
2024-12-04,2024:Q4,2.96350252455184,2.63818692976205
2024-12-05,2024:Q4,2.96350252455184,2.63818692976205
2024-12-06,2024:Q4,2.96350252455184,2.63818692976205
2024-12-09,2024:Q4,2.96350252455184,2.63818692976205
2024-12-10,2024:Q4,2.94470879836364,2.62624305769164
2024-12-11,2024:Q4,3.09203580997834,2.76126829195165
2024-12-12,2024:Q4,3.09203580997834,2.76126829195165
2024-12-13,2024:Q4,3.09203580997834,2.76126829195165
2024-12-16,2024:Q4,3.09203580997834,2.76126829195165
2024-12-17,2024:Q4,3.08875004088371,2.75920324685854
2024-12-18,2024:Q4,3.08875004088371,2.75920324685854
2024-12-19,2024:Q4,3.08875004088371,2.75920324685854
2024-12-20,2024:Q4,3.08875004088371,2.30110179329197
2024-12-23,2024:Q4,3.08875004088371,2.30110179329197
2024-12-24,2024:Q4,3.0901401643765,2.30197329129991
2024-12-26,2024:Q4,3.0901401643765,2.30197329129991
2024-12-27,2024:Q4,3.0901401643765,2.30197329129991
2024-12-30,2024:Q4,3.0901401643765,2.30197329129991
2024-12-31,2024:Q4,3.08581819015707,2.29926374302196
2025-01-02,2024:Q4,3.08581819015707,2.29926374302196
2025-01-03,2024:Q4,3.08581819015707,2.29926374302196
2025-01-06,2024:Q4,3.08581819015707,2.29926374302196
2025-01-07,2024:Q4,3.08581819015707,2.29926374302196
2025-01-08,2024:Q4,3.08581819015707,2.29926374302196
2025-01-09,2024:Q4,3.08581819015707,2.29926374302196
2025-01-10,2024:Q4,3.08581819015707,2.29926374302196
2025-01-13,2024:Q4,3.08581819015707,2.29926374302196
2025-01-14,2024:Q4,3.08581819015707,2.29926374302196
2025-01-15,2024:Q4,,2.3255843300195
2025-01-16,2024:Q4,,2.3255843300195
2025-01-17,2024:Q4,,2.3255843300195
2025-01-21,2024:Q4,,2.3255843300195
2025-01-22,2024:Q4,,2.3255843300195
2025-01-23,2024:Q4,,2.3255843300195
2025-01-24,2024:Q4,,2.3255843300195
2025-01-27,2024:Q4,,2.3255843300195
2025-01-28,2024:Q4,,2.3255843300195
2025-01-29,2024:Q4,,2.3255843300195
2025-01-30,2024:Q4,,
2025-01-02,2025:Q1,3.54366730836873,2.75647913509562
2025-01-03,2025:Q1,3.70122442663459,2.85530081330334
2025-01-06,2025:Q1,3.76844265923841,2.89744872274489
2025-01-07,2025:Q1,3.35711904060914,2.63941167253954
2025-01-08,2025:Q1,3.46285638708379,2.70578116221896
2025-01-09,2025:Q1,3.34712466001603,2.6331373681465
2025-01-10,2025:Q1,3.43817886430042,2.6902932500678
2025-01-13,2025:Q1,3.64348523777351,2.81911382234585
2025-01-14,2025:Q1,3.80485727669526,2.92031953101792
2025-01-15,2025:Q1,3.72039962463155,2.89673161795161
2025-01-16,2025:Q1,3.85203384636319,2.97956613452153
2025-01-17,2025:Q1,3.77884294598205,2.93351240492987
2025-01-21,2025:Q1,3.54525220370951,2.78646877681634
2025-01-22,2025:Q1,3.53532482367418,2.78020449104786
2025-01-23,2025:Q1,3.54864791914318,2.78859339658841
2025-01-24,2025:Q1,3.47215658942825,2.74042633898952
2025-01-27,2025:Q1,3.45820643591472,2.73164074874539
2025-01-28,2025:Q1,3.35146863624147,2.66440913419363
2025-01-29,2025:Q1,3.35774801071649,2.66836485660609
2025-01-30,2025:Q1,3.32986590220001,2.6507998640549
2025-01-31,2025:Q1,3.39014387877077,2.47937594881571
2025-02-03,2025:Q1,3.37231960411448,2.46833924468055
2025-02-04,2025:Q1,3.22227068743559,2.37188234138588
2025-02-05,2025:Q1,3.23149189528742,2.37759319966968
2025-02-06,2025:Q1,3.17455288348034,2.34232755928734
2025-02-07,2025:Q1,3.16747460164857,2.33794318479399
2025-02-10,2025:Q1,3.18960026157116,2.35164780816273
2025-02-11,2025:Q1,3.30376418388751,2.42236411577514
2025-02-12,2025:Q1,4.03159663240737,3.08350738302807
2025-02-13,2025:Q1,3.94438215994581,3.02321268603649
2025-02-14,2025:Q1,3.94148342599627,3.02120848353784
2025-02-18,2025:Q1,3.94145452011303,3.02118849776827
2025-02-19,2025:Q1,3.99997669808816,3.06165996490244
2025-02-20,2025:Q1,4.00806467874062,3.0672510139983
2025-02-21,2025:Q1,4.04491828319606,3.09272587912384
2025-02-24,2025:Q1,3.95060231651976,3.02752636538246
2025-02-25,2025:Q1,3.95580615158013,3.03112650802191
2025-02-26,2025:Q1,3.86645077154759,2.96934503102986
2025-02-27,2025:Q1,3.8574316116611,2.96310839626666
2025-02-28,2025:Q1,3.92824465197414,2.84537376642482
2025-03-03,2025:Q1,3.9066218765204,2.83048471277041
2025-03-04,2025:Q1,3.90783406548363,2.83131942295551
2025-03-05,2025:Q1,3.90783406548363,2.83131942295551
2025-03-06,2025:Q1,3.90783406548363,2.83131942295551
2025-03-07,2025:Q1,3.90783406548363,2.83131942295551
2025-03-10,2025:Q1,3.90783406548363,2.83131942295551
2025-03-11,2025:Q1,3.90118544708067,2.82674117419293
2025-03-12,2025:Q1,3.8611735642839,2.80121417403314
2025-03-13,2025:Q1,3.8611735642839,2.80121417403314
2025-03-14,2025:Q1,3.8611735642839,2.80121417403314
2025-03-17,2025:Q1,3.8611735642839,2.80121417403314
2025-03-18,2025:Q1,3.85256177694626,2.79527491154212
2025-03-19,2025:Q1,3.85256177694626,2.79527491154212
2025-03-20,2025:Q1,3.85256177694626,2.79527491154212
2025-03-21,2025:Q1,3.85256177694626,2.79527491154212
2025-03-24,2025:Q1,3.85256177694626,2.79527491154212
2025-03-25,2025:Q1,3.86892463080526,2.80655973032062
2025-03-26,2025:Q1,3.86892463080526,2.80655973032062
2025-03-27,2025:Q1,3.86892463080526,2.80655973032062
2025-03-28,2025:Q1,3.86892463080526,3.27730135385269
2025-03-31,2025:Q1,3.86892463080526,3.27730135385269
2025-04-01,2025:Q1,3.89291877683087,3.2939346781603
2025-04-02,2025:Q1,3.89291877683087,3.2939346781603
2025-04-03,2025:Q1,3.89291877683087,3.2939346781603
2025-04-04,2025:Q1,3.89291877683087,3.2939346781603
2025-04-07,2025:Q1,3.89291877683087,3.2939346781603
2025-04-08,2025:Q1,3.89291877683087,3.2939346781603
2025-04-09,2025:Q1,3.89291877683087,3.2939346781603
2025-04-10,2025:Q1,,3.20310884693316
2025-04-11,2025:Q1,,3.20310884693316
2025-04-14,2025:Q1,,3.20310884693316
2025-04-15,2025:Q1,,3.20310884693316
2025-04-16,2025:Q1,,3.20310884693316
2025-04-17,2025:Q1,,3.20310884693316
2025-04-18,2025:Q1,,3.20310884693316
2025-04-21,2025:Q1,,3.20310884693316
2025-04-22,2025:Q1,,3.20310884693316
2025-04-23,2025:Q1,,3.20310884693316
2025-04-24,2025:Q1,,3.20310884693316
2025-04-25,2025:Q1,,3.20310884693316
2025-04-28,2025:Q1,,3.20310884693316
2025-04-29,2025:Q1,,3.20310884693316
2025-04-30,2025:Q1,,
2025-04-01,2025:Q2,2.51025662787754,2.45822199939809
2025-04-02,2025:Q2,2.42048956876564,2.39169019188852
2025-04-03,2025:Q2,2.42048956876564,2.39169019188852
2025-04-04,2025:Q2,2.35725033980596,2.34760216983045
2025-04-07,2025:Q2,1.28750281969516,1.60074955905307
2025-04-08,2025:Q2,0.977087652083086,1.38360675107012
2025-04-09,2025:Q2,1.4525929139092,1.71632884983879
2025-04-10,2025:Q2,1.48770150949347,1.69930053247347
2025-04-11,2025:Q2,1.17873175146752,1.48080573586444
2025-04-14,2025:Q2,1.31443643082605,1.57679112523526
2025-04-15,2025:Q2,1.27479282645848,1.54875382633657
2025-04-16,2025:Q2,1.19549758702262,1.49257033342263
2025-04-17,2025:Q2,1.3262437029089,1.58505493703693
2025-04-18,2025:Q2,1.48339557389787,1.69618170799057
2025-04-21,2025:Q2,1.4712365730738,1.68758512553611
2025-04-22,2025:Q2,1.35765218784163,1.60726797153798
2025-04-23,2025:Q2,1.41660426343926,1.64892148622346
2025-04-24,2025:Q2,1.26099623360201,1.53886350928043
2025-04-25,2025:Q2,1.26099623360201,1.53886350928043
2025-04-28,2025:Q2,1.46411556844215,1.68251741931229
2025-04-29,2025:Q2,1.38653392843495,1.62765645110747
2025-04-30,2025:Q2,1.15525055866257,1.58131110153232
2025-05-01,2025:Q2,1.10271943558402,1.54468060678137
2025-05-02,2025:Q2,1.03073312817719,1.4897411505584
2025-05-05,2025:Q2,0.974253033562467,1.45033749796222
2025-05-06,2025:Q2,0.974253033562467,1.45033749796222
2025-05-07,2025:Q2,1.56683399356135,1.86338311402412
2025-05-08,2025:Q2,1.48869558495821,1.80894298832655
2025-05-09,2025:Q2,1.5721609593575,1.86709413649058
2025-05-12,2025:Q2,1.65072422771051,1.92181994096783
2025-05-13,2025:Q2,1.68303404278958,1.90647882278874
2025-05-14,2025:Q2,1.7112011923452,1.92615249979968
2025-05-15,2025:Q2,1.65339803735776,1.88578894130105
2025-05-16,2025:Q2,1.65339803735776,1.88578894130105
2025-05-19,2025:Q2,1.61226193302144,1.8570606939984
2025-05-20,2025:Q2,1.68558332699662,1.90825826841041
2025-05-21,2025:Q2,1.70868249495153,1.92438706687716
2025-05-22,2025:Q2,1.65525058846383,1.88707742480163
2025-05-23,2025:Q2,1.65525058846383,1.88707742480163
2025-05-27,2025:Q2,1.60838880746763,1.85435180111015
2025-05-28,2025:Q2,1.63873108934272,1.87554069023865
2025-05-29,2025:Q2,1.6504718882183,1.88373948516189
2025-05-30,2025:Q2,1.6504718882183,1.59433698651117
2025-06-02,2025:Q2,1.58621001192847,1.54956530526551
2025-06-03,2025:Q2,1.68854103947589,1.62085698654511
2025-06-04,2025:Q2,1.70194090613858,1.63019115917782
2025-06-05,2025:Q2,1.70194090613858,1.63019115917782
2025-06-06,2025:Q2,1.70194090613858,1.63019115917782
2025-06-09,2025:Q2,1.70194090613858,1.63019115917782
2025-06-10,2025:Q2,1.70194090613858,1.63019115917782
2025-06-11,2025:Q2,1.56273848860562,1.50520171321871
2025-06-12,2025:Q2,1.56273848860562,1.50520171321871
2025-06-13,2025:Q2,1.56273848860562,1.50520171321871
2025-06-16,2025:Q2,1.56273848860562,1.50520171321871
2025-06-17,2025:Q2,1.56273848860562,1.50520171321871
2025-06-18,2025:Q2,1.57117894079426,1.51110631172044
2025-06-20,2025:Q2,1.57117894079426,1.51110631172044
2025-06-23,2025:Q2,1.57117894079426,1.51110631172044
2025-06-24,2025:Q2,1.59910110760113,1.53063874202179
2025-06-25,2025:Q2,1.59910110760113,1.53063874202179
2025-06-26,2025:Q2,1.59910110760113,1.53063874202179
2025-06-27,2025:Q2,1.59910110760113,1.75922893996689
2025-06-30,2025:Q2,1.59910110760113,1.75922893996689
2025-07-01,2025:Q2,1.59910110760113,1.75922893996689
2025-07-02,2025:Q2,1.60286779393446,1.76184258935874
2025-07-03,2025:Q2,1.60286779393446,1.76184258935874
2025-07-07,2025:Q2,1.60286779393446,1.76184258935874
2025-07-08,2025:Q2,1.60286779393446,1.76184258935874
2025-07-09,2025:Q2,1.60286779393446,1.76184258935874
2025-07-10,2025:Q2,1.60286779393446,1.76184258935874
2025-07-11,2025:Q2,1.60286779393446,1.76184258935874
2025-07-14,2025:Q2,1.60286779393446,1.76184258935874
2025-07-15,2025:Q2,,1.77723130336447
2025-07-16,2025:Q2,,1.77723130336447
2025-07-17,2025:Q2,,1.77723130336447
2025-07-18,2025:Q2,,1.77723130336447
2025-07-21,2025:Q2,,1.77723130336447
2025-07-22,2025:Q2,,1.77723130336447
2025-07-23,2025:Q2,,1.77723130336447
2025-07-24,2025:Q2,,1.77723130336447
2025-07-25,2025:Q2,,1.77723130336447
2025-07-28,2025:Q2,,1.77723130336447
2025-07-29,2025:Q2,,1.77723130336447
2025-07-30,2025:Q2,,
2025-07-01,2025:Q3,1.84882281232397,1.94898499124345
2025-07-02,2025:Q3,1.92958134219423,2.00444726079076
2025-07-03,2025:Q3,2.1635241881913,2.16652517832692
2025-07-07,2025:Q3,2.09489820805695,2.11896765875743
2025-07-08,2025:Q3,2.22793192277,2.21112077746464
2025-07-09,2025:Q3,2.51605882827872,2.41053283325521
2025-07-10,2025:Q3,2.50722064967484,2.40441627437225
2025-07-11,2025:Q3,2.36524406910321,2.30614251165444
2025-07-14,2025:Q3,2.5164002272829,2.41076909966644
2025-07-15,2025:Q3,2.51346664896042,2.37206985468654
2025-07-16,2025:Q3,2.47399820663237,2.34458739131933
2025-07-17,2025:Q3,2.45936670317393,2.33439883574591
2025-07-18,2025:Q3,2.55088797370289,2.39812346143142
2025-07-21,2025:Q3,2.52747859816882,2.38182520824837
2025-07-22,2025:Q3,2.52045239130614,2.37693319795935
2025-07-23,2025:Q3,2.45733690583054,2.33298598228266
2025-07-24,2025:Q3,2.45202330660295,2.3292857671156
2025-07-25,2025:Q3,2.51445179271292,2.37275604817813
2025-07-28,2025:Q3,2.44708338980122,2.3258457314661
2025-07-29,2025:Q3,2.59403353946206,2.42816146007987
2025-07-30,2025:Q3,2.81305396498308,2.58059365853522
2025-07-31,2025:Q3,2.86994938184157,2.8455887859349
2025-08-01,2025:Q3,2.79424020974348,2.79304063733004
2025-08-04,2025:Q3,2.63231796514842,2.68312424634818
2025-08-05,2025:Q3,2.57012246249622,2.6399359563287
2025-08-06,2025:Q3,2.69568875269521,2.72713384419063
2025-08-07,2025:Q3,2.676399073126,2.71374446193628
2025-08-08,2025:Q3,2.66735898797903,2.70746934529418
2025-08-11,2025:Q3,2.6813990622641,2.71721511758132
2025-08-12,2025:Q3,2.85705290830034,2.77490554196338
2025-08-13,2025:Q3,2.81415027189744,2.74523835549911
2025-08-14,2025:Q3,2.79818797690188,2.73420186394551
2025-08-15,2025:Q3,2.85380075372361,2.77265138476477
2025-08-18,2025:Q3,2.81286158251521,2.74434735737381
2025-08-19,2025:Q3,2.8477948422835,2.7684992535731
2025-08-20,2025:Q3,2.81186527127222,2.74365794981455
2025-08-21,2025:Q3,2.85934622530597,2.77648468572507
2025-08-22,2025:Q3,2.89510789710263,2.80120679184819
2025-08-25,2025:Q3,2.89620099634968,2.80196242199058
2025-08-26,2025:Q3,2.94107478284467,2.83298086430168
2025-08-27,2025:Q3,2.88043706745575,2.79106713670727
2025-08-28,2025:Q3,2.91624432536528,2.81581923222616
2025-08-29,2025:Q3,2.93957941469276,2.89443552349899
2025-09-02,2025:Q3,2.91699231453162,2.87884730462911
2025-09-03,2025:Q3,3.0249796666648,2.953366317485
2025-09-04,2025:Q3,3.0249796666648,2.953366317485
2025-09-05,2025:Q3,3.0249796666648,2.953366317485
2025-09-08,2025:Q3,3.0249796666648,2.953366317485
2025-09-09,2025:Q3,3.0249796666648,2.953366317485
2025-09-10,2025:Q3,3.03563821537691,2.96072049652623
2025-09-11,2025:Q3,3.25094818481837,3.08781884510312
2025-09-12,2025:Q3,3.25094818481837,3.08781884510312
2025-09-15,2025:Q3,3.25094818481837,3.08781884510312
2025-09-16,2025:Q3,3.24448321265636,3.08341167446744
2025-09-17,2025:Q3,3.24448321265636,3.08341167446744
2025-09-18,2025:Q3,3.24448321265636,3.08341167446744
2025-09-19,2025:Q3,3.24448321265636,3.08341167446744
2025-09-22,2025:Q3,3.24448321265636,3.08341167446744
2025-09-23,2025:Q3,3.24286701705432,3.08230990388865
2025-09-24,2025:Q3,3.24286701705432,3.08230990388865
2025-09-25,2025:Q3,3.24286701705432,3.08230990388865
2025-09-26,2025:Q3,3.24286701705432,2.81976143889096
2025-09-29,2025:Q3,3.24286701705432,2.81976143889096
2025-09-30,2025:Q3,3.22819282933047,2.81078211268539
2025-10-01,2025:Q3,3.22819282933047,2.81078211268539
2025-10-02,2025:Q3,3.22819282933047,2.81078211268539
2025-10-03,2025:Q3,3.22819282933047,2.81078211268539
2025-10-06,2025:Q3,3.22819282933047,2.81078211268539
2025-10-07,2025:Q3,3.22819282933047,2.81078211268539
2025-10-08,2025:Q3,3.22819282933047,2.81078211268539
2025-10-09,2025:Q3,3.22819282933047,2.81078211268539
2025-10-10,2025:Q3,3.22819282933047,2.81078211268539
2025-10-14,2025:Q3,3.22819282933047,2.81078211268539
2025-10-15,2025:Q3,3.22819282933047,2.81078211268539
2025-10-16,2025:Q3,3.22819282933047,2.81078211268539
2025-10-17,2025:Q3,3.22819282933047,2.81078211268539
2025-10-20,2025:Q3,3.22819282933047,2.81078211268539
2025-10-21,2025:Q3,3.22819282933047,2.81078211268539
2025-10-22,2025:Q3,3.22819282933047,2.81078211268539
2025-10-23,2025:Q3,3.22819282933047,2.81078211268539
2025-10-24,2025:Q3,,2.76049486401611
2025-10-27,2025:Q3,,2.76049486401611
2025-10-28,2025:Q3,,2.76049486401611
2025-10-29,2025:Q3,,2.76049486401611
2025-10-30,2025:Q3,,2.76049486401611
2025-10-31,2025:Q3,,2.76049486401611
2025-11-03,2025:Q3,,2.76049486401611
2025-11-04,2025:Q3,,2.76049486401611
2025-11-05,2025:Q3,,2.76049486401611
2025-11-06,2025:Q3,,2.76049486401611
2025-11-07,2025:Q3,,2.76049486401611
2025-11-10,2025:Q3,,2.76049486401611
2025-11-12,2025:Q3,,2.76049486401611
2025-11-13,2025:Q3,,2.76049486401611
2025-11-14,2025:Q3,,2.76049486401611
2025-11-17,2025:Q3,,2.76049486401611
2025-11-18,2025:Q3,,2.76049486401611
2025-11-19,2025:Q3,,2.76049486401611
2025-11-20,2025:Q3,,2.76049486401611
2025-11-21,2025:Q3,,2.76049486401611
2025-11-24,2025:Q3,,2.76049486401611
2025-11-25,2025:Q3,,2.76049486401611
2025-11-26,2025:Q3,,2.76049486401611
2025-11-28,2025:Q3,,2.76049486401611
2025-12-01,2025:Q3,,2.76049486401611
2025-12-02,2025:Q3,,2.76049486401611
2025-12-03,2025:Q3,,2.76049486401611
2025-12-04,2025:Q3,,2.76049486401611
2025-12-05,2025:Q3,,
2025-10-01,2025:Q4,3.35950203482449,2.92450166902376
2025-10-02,2025:Q4,3.26937888198642,2.86730222460971
2025-10-03,2025:Q4,3.12671219306047,2.77995365465067
2025-10-06,2025:Q4,3.16394198403525,2.80276096662349
2025-10-07,2025:Q4,3.66683824898448,3.11040793496404
2025-10-08,2025:Q4,3.6567962368631,3.10426864152886
2025-10-09,2025:Q4,3.7151848674869,3.13996266891108
2025-10-10,2025:Q4,3.62067652556539,3.08218498694204
2025-10-14,2025:Q4,3.48101938915271,2.99677662206765
2025-10-15,2025:Q4,3.30956733750092,2.89186644233379
2025-10-16,2025:Q4,3.28198227672956,2.87498243159525
2025-10-17,2025:Q4,3.22274235442688,2.83871882757158
2025-10-20,2025:Q4,3.25866029498372,2.86070667098293
2025-10-21,2025:Q4,3.16430492479423,2.80293590669221
2025-10-22,2025:Q4,3.20376494806214,2.82709799445493
2025-10-23,2025:Q4,3.32507763281937,2.90136258917502
2025-10-24,2025:Q4,3.38397496193974,2.9479971377637
2025-10-27,2025:Q4,3.37092314486325,2.94000881756156
2025-10-28,2025:Q4,3.3367391473256,2.91908518333894
2025-10-29,2025:Q4,3.20314058036797,2.83729596862596
2025-10-30,2025:Q4,3.24434736877817,2.86252838458507
2025-10-31,2025:Q4,3.24781178516989,2.86464963502606
2025-11-03,2025:Q4,3.25051693588125,2.86630597480388
2025-11-04,2025:Q4,3.33934739053929,2.92035254389893
2025-11-05,2025:Q4,3.33126824287828,2.91540881311652
2025-11-06,2025:Q4,3.30508947995907,2.89938853438518
2025-11-07,2025:Q4,3.30632030974018,2.90014177565747
2025-11-10,2025:Q4,3.31928462006277,2.90807549625016
2025-11-12,2025:Q4,3.3767526005742,2.94324049587524
2025-11-13,2025:Q4,3.31940242253013,2.90815565070612
2025-11-14,2025:Q4,3.33502890072719,2.91771757221029
2025-11-17,2025:Q4,3.3899650008131,2.95132993254275
2025-11-18,2025:Q4,3.38138341022196,2.94607967250358
2025-11-19,2025:Q4,3.42266797927002,2.97133928446254
2025-11-20,2025:Q4,3.3674459144077,2.93755586046718
2025-11-21,2025:Q4,3.36347009942544,2.93512335879484
2025-11-24,2025:Q4,3.33281343326299,2.91636594535656
2025-11-25,2025:Q4,3.37465348838484,2.94196744868702
2025-11-26,2025:Q4,3.34077612829335,2.92124024801941
2025-11-28,2025:Q4,3.37753369730633,2.94372955760343
2025-12-01,2025:Q4,3.3725775233473,2.94069736656293
2025-12-02,2025:Q4,3.37135309579335,2.93994825436661
2025-12-03,2025:Q4,3.39350488352081,2.95350045558778
2025-12-04,2025:Q4,3.39350488352081,2.95350045558778
2025-12-05,2025:Q4,3.39350488352081,2.93500872991685
2025-12-08,2025:Q4,3.39350488352081,2.93500872991685
2025-12-09,2025:Q4,3.39350488352081,2.93500872991685
2025-12-10,2025:Q4,3.36586931309069,2.91786911367438
2025-12-11,2025:Q4,3.36586931309069,2.91786911367438
2025-12-12,2025:Q4,3.36586931309069,2.91786911367438
2025-12-15,2025:Q4,3.36586931309069,2.91786911367438
2025-12-16,2025:Q4,3.36586931309069,2.91786911367438
2025-12-17,2025:Q4,3.33782999083247,2.90047776550817
2025-12-18,2025:Q4,2.4819048273157,2.28744961685787
2025-12-19,2025:Q4,2.4819048273157,2.28744961685787
2025-12-22,2025:Q4,2.4819048273157,2.28744961685787
2025-12-23,2025:Q4,2.45059797467968,2.26458146489166
2025-12-24,2025:Q4,2.45059797467968,2.26458146489166
2025-12-26,2025:Q4,2.45059797467968,2.26458146489166
2025-12-29,2025:Q4,2.45059797467968,2.26458146489166
2025-12-30,2025:Q4,2.45059797467968,2.26458146489166
2025-12-31,2025:Q4,2.42428064059845,2.24872320437033
2026-01-02,2025:Q4,2.42428064059845,2.24872320437033
2026-01-05,2025:Q4,2.42428064059845,2.24872320437033
2026-01-06,2025:Q4,2.42428064059845,2.24872320437033
2026-01-07,2025:Q4,2.42428064059845,2.24872320437033
2026-01-08,2025:Q4,2.42428064059845,2.24872320437033
2026-01-09,2025:Q4,2.42428064059845,2.24872320437033
2026-01-12,2025:Q4,2.42428064059845,2.24872320437033
2026-01-13,2025:Q4,,2.32937270370561
2026-01-14,2025:Q4,,2.32937270370561
2026-01-15,2025:Q4,,2.32937270370561
2026-01-16,2025:Q4,,2.32937270370561
2026-01-20,2025:Q4,,2.32937270370561
2026-01-21,2025:Q4,,2.32937270370561
2026-01-22,2025:Q4,,2.624337017
2026-01-23,2025:Q4,,2.62433701660845
2026-01-26,2025:Q4,,2.62433701660845
2026-01-27,2025:Q4,,2.62433701660845
2026-01-28,2025:Q4,,2.62433701660845
2026-01-29,2025:Q4,,2.62433701660845
2026-01-30,2025:Q4,,2.62433701660845
2026-02-02,2025:Q4,,2.62433701660845
2026-02-03,2025:Q4,,2.62433701660845
2026-02-04,2025:Q4,,2.62433701660845
2026-02-05,2025:Q4,,2.62433701660845
2026-02-06,2025:Q4,,2.62433701660845
2026-02-09,2025:Q4,,2.62433701660845
2026-02-10,2025:Q4,,2.62433701660845
2026-02-11,2025:Q4,,2.62433701660845
2026-02-12,2025:Q4,,2.62433701660845
2026-02-13,2025:Q4,,2.61657469318177
2026-02-17,2025:Q4,,2.61657469318177
2026-02-18,2025:Q4,,2.61657469318177
2026-02-19,2025:Q4,,2.61657469318177
2026-02-20,2025:Q4,,
2026-01-02,2026:Q1,1.92595851493507,2.13514999428892
2026-01-05,2026:Q1,1.69823984381776,1.99699670932396
2026-01-06,2026:Q1,1.80990237123742,2.06455775253216
2026-01-07,2026:Q1,1.5793843911823,1.92505768806124
2026-01-08,2026:Q1,1.53082073099777,1.89565279491812
2026-01-09,2026:Q1,1.69652634266528,1.99596830560334
2026-01-12,2026:Q1,1.79305944202999,2.05438461965715
2026-01-13,2026:Q1,2.14665843353552,2.25803069947386
2026-01-14,2026:Q1,2.26257234422531,2.32784014577576
2026-01-15,2026:Q1,2.3281858114929,2.36734514418837
2026-01-16,2026:Q1,2.07193720112528,2.21301662238949
2026-01-20,2026:Q1,2.07560258518789,2.21522498655362
2026-01-21,2026:Q1,2.15522322599231,2.26318970784578
2026-01-22,2026:Q1,2.192580819,2.570238726
2026-01-23,2026:Q1,2.08291402556546,2.50394194054899
2026-01-26,2026:Q1,2.23767369627206,2.59749229435584
2026-01-27,2026:Q1,2.20396091263637,2.57711706311694
2026-01-28,2026:Q1,2.41400390772635,2.7040088029755
2026-01-29,2026:Q1,2.4742225941192,2.74037710645447
2026-01-30,2026:Q1,2.66258070647338,2.85409086922379
2026-02-02,2026:Q1,2.64268832597974,2.84208468425939
2026-02-03,2026:Q1,2.07173051399108,2.49459965526115
2026-02-04,2026:Q1,2.06497594889956,2.49051217153622
2026-02-05,2026:Q1,2.12776755522253,2.52847782923258
2026-02-06,2026:Q1,2.04921209124742,2.48097978386994
2026-02-09,2026:Q1,2.06774991223522,2.49218953871098
2026-02-10,2026:Q1,2.10261884622818,2.51327301413613
2026-02-11,2026:Q1,2.1329209459322,2.53159452696039
2026-02-12,2026:Q1,2.15293089291781,2.54369057201222
2026-02-13,2026:Q1,2.28180817525734,2.59686106249388
2026-02-17,2026:Q1,2.33022791869117,2.62596926210059
2026-02-18,2026:Q1,2.27919176981486,2.59528805621647
2026-02-19,2026:Q1,2.43423523568922,2.68847859860877
2026-02-20,2026:Q1,2.48309387183647,3.05531381900848
2026-02-23,2026:Q1,2.48084419694352,3.05396754546867
2026-02-24,2026:Q1,2.46404626394918,3.04391487028484
2026-02-25,2026:Q1,2.45593762947904,3.03906085859487
2026-02-26,2026:Q1,2.45628060861736,3.03926611401784
2026-02-27,2026:Q1,2.44941348449812,3.03515645270773
2026-03-02,2026:Q1,2.51841337482159,3.07644594578689
2026-03-03,2026:Q1,2.74350875823057,3.21108426661851
2026-03-04,2026:Q1,2.47976660320215,3.0533207808461
2026-03-05,2026:Q1,2.47976660320215,3.0533207808461
2026-03-06,2026:Q1,2.47976660320215,3.0533207808461
2026-03-09,2026:Q1,2.47976660320215,3.0533207808461
2026-03-10,2026:Q1,2.47976660320215,3.0533207808461
2026-03-11,2026:Q1,2.86119692825877,3.24504981601417
2026-03-12,2026:Q1,2.86119692825877,3.24504981601417
2026-03-13,2026:Q1,2.86119692825877,3.57623041440898
2026-03-16,2026:Q1,2.86119692825877,3.57623041440898
2026-03-17,2026:Q1,2.86119692825877,3.57623041440898
2026-03-18,2026:Q1,3.07154218670658,3.70346014927445
2026-03-19,2026:Q1,3.07154218670658,3.70346014927445
2026-03-20,2026:Q1,3.07154218670658,3.70346014927445
2026-03-23,2026:Q1,3.07154218670658,3.70346014927445
2026-03-24,2026:Q1,3.25935491588494,3.81699517776348
2026-03-25,2026:Q1,3.25935491588494,3.81699517776348
2026-03-26,2026:Q1,3.25935491588494,3.81699517776348
2026-03-27,2026:Q1,3.25935491588494,3.81699517776348
2026-03-30,2026:Q1,3.25935491588494,3.81699517776348
2026-03-31,2026:Q1,3.38035880974528,3.89011074515078
2026-04-01,2026:Q1,3.38035880974528,3.89011074515078
2026-04-02,2026:Q1,3.38035880974528,3.89011074515078
2026-04-03,2026:Q1,3.38035880974528,3.89011074515078
2026-04-06,2026:Q1,3.38035880974528,3.89011074515078
2026-04-07,2026:Q1,3.38035880974528,3.89011074515078
2026-04-08,2026:Q1,3.38035880974528,3.89011074515078
2026-04-09,2026:Q1,3.38035880974528,4.29532861570445
2026-04-10,2026:Q1,,4.2461604523782
2026-04-13,2026:Q1,,4.2461604523782
2026-04-14,2026:Q1,,4.2461604523782
2026-04-15,2026:Q1,,4.2461604523782
2026-04-16,2026:Q1,,4.2461604523782
2026-04-17,2026:Q1,,4.2461604523782
2026-04-20,2026:Q1,,4.2461604523782
2026-04-21,2026:Q1,,4.2461604523782
2026-04-22,2026:Q1,,4.2461604523782
2026-04-23,2026:Q1,,4.2461604523782
2026-04-24,2026:Q1,,4.2461604523782
2026-04-27,2026:Q1,,4.2461604523782
2026-04-28,2026:Q1,,4.2461604523782
2026-04-29,2026:Q1,,4.2461604523782
2026-04-30,2026:Q1,,
2026-04-01,2026:Q2,6.37360541245973,5.08072861018303
2026-04-02,2026:Q2,4.3072502033785,3.84570289645738
2026-04-03,2026:Q2,4.9704411632137,4.24179171391255
2026-04-06,2026:Q2,4.9704411632137,4.24179171391255
2026-04-07,2026:Q2,5.57075892720911,4.59969057774168
2026-04-08,2026:Q2,5.50984026109032,4.56343212933181
2026-04-09,2026:Q2,4.71815290018012,4.3975263574012
2026-04-10,2026:Q2,4.91741650147977,4.37761176133682
2026-04-13,2026:Q2,4.92030422731038,4.37921827500614
2026-04-14,2026:Q2,5.21622061442975,4.54376356175743
2026-04-15,2026:Q2,4.94180709345042,4.39118037677353
2026-04-16,2026:Q2,4.97745956936011,4.41101209048438
2026-04-17,2026:Q2,5.283181143773,4.5809751409275
2026-04-20,2026:Q2,4.70906780722211,4.26166211267802
2026-04-21,2026:Q2,5.0668831411369,4.4607438447043
2026-04-22,2026:Q2,5.19831372432307,4.53374228159513
2026-04-23,2026:Q2,5.42397531127827,4.65913374076805
2026-04-24,2026:Q2,5.62370503841971,4.77003907419764
2026-04-27,2026:Q2,5.62665022931428,4.77167393267899
2026-04-28,2026:Q2,5.80396462005672,4.87007134802662
2026-04-29,2026:Q2,6.0050899248874,4.98162102987523
2026-04-30,2026:Q2,6.42739395535008,5.55438001288218
2026-05-01,2026:Q2,6.12569788666844,5.37989767079028
2026-05-04,2026:Q2,5.60127001902651,5.07780844565953
2026-05-05,2026:Q2,5.60127001902651,5.07780844565953
2026-05-06,2026:Q2,5.99090250638168,5.30353467624414
2026-05-07,2026:Q2,5.7807419030639,5.18189349644826
2026-05-08,2026:Q2,5.7767742580908,5.17959629160203
2026-05-11,2026:Q2,5.82970586545153,5.21024064889539
2026-05-12,2026:Q2,6.81163884927298,5.72473514166465
2026-05-13,2026:Q2,6.95748881394116,5.81038331752688
2026-05-14,2026:Q2,6.88750145677581,5.76930128613229
2026-05-15,2026:Q2,6.88809132025023,5.76964756566063
2026-05-18,2026:Q2,6.99004516572412,5.82949084694402
2026-05-19,2026:Q2,7.06600658502741,5.87406619136592
2026-05-20,2026:Q2,7.04092449364475,5.85935314006858
2026-05-21,2026:Q2,6.84665009889016,5.74532447203939
2026-05-22,2026:Q2,6.77575013207024,5.70369423762325
2026-05-26,2026:Q2,6.59010389311665,5.59464861507761
2026-05-27,2026:Q2,6.70513148382121,5.66222079977206
2026-05-28,2026:Q2,6.54908632348392,5.20190493611263
2026-05-29,2026:Q2,6.54265978425319,5.19821313460802
2026-06-01,2026:Q2,6.50286948543646,5.17535357140688
2026-06-02,2026:Q2,6.59497230139909,5.22826264991987
2026-06-03,2026:Q2,6.81000733691366,5.35173518946161
2026-06-04,2026:Q2,6.81000733691366,5.35173518946161
2026-06-05,2026:Q2,6.81000733691366,5.35173518946161
2026-06-08,2026:Q2,6.81000733691366,5.35173518946161
2026-06-09,2026:Q2,6.81000733691366,5.35173518946161
2026-06-10,2026:Q2,6.76573693436469,5.24738533326379
2026-06-11,2026:Q2,6.76573693436469,5.24738533326379
2026-06-12,2026:Q2,6.76573693436469,5.24738533326379
2026-06-15,2026:Q2,6.76573693436469,5.24738533326379
2026-06-16,2026:Q2,6.76573693436469,5.24738533326379
2026-06-17,2026:Q2,6.70656478683709,5.21352615287674
2026-06-18,2026:Q2,6.70656478683709,5.21352615287674
2026-06-22,2026:Q2,6.70656478683709,5.21352615287674
2026-06-23,2026:Q2,6.70656478683709,5.21352615287674
2026-06-24,2026:Q2,6.64135002304471,5.17620245210864
2026-06-25,2026:Q2,6.64135002304471,5.44312367097688
2026-06-26,2026:Q2,6.64135002304471,5.44312367097688
2026-06-29,2026:Q2,6.64135002304471,5.44312367097688
2026-06-30,2026:Q2,6.58501419176676,5.41078733591558
2026-07-01,2026:Q2,6.58501419176676,5.41078733591558
2026-07-02,2026:Q2,6.58501419176676,5.41078733591558
2026-07-03,2026:Q2,6.58501419176676,5.41078733591558
2026-07-06,2026:Q2,6.58501419176676,5.41078733591558
2026-07-07,2026:Q2,6.58501419176676,5.41078733591558
2026-07-08,2026:Q2,6.58501419176676,5.41078733591558
2026-07-09,2026:Q2,6.58501419176676,5.41078733591558
2026-07-10,2026:Q2,6.58501419176676,5.41078733591558
2026-07-13,2026:Q2,6.58501419176676,5.41078733591558
2026-07-14,2026:Q2,,5.09765806835294
2026-07-15,2026:Q2,,5.09765806835294
2026-07-16,2026:Q2,,5.09765806835294
2026-07-17,2026:Q2,,5.09765806835294
2026-07-20,2026:Q2,,5.09765806835294
2026-07-21,2026:Q2,,5.09765806835294
2026-07-22,2026:Q2,,5.09765806835294
2026-07-23,2026:Q2,,5.09765806835294
2026-07-24,2026:Q2,,5.09765806835294
2026-07-27,2026:Q2,,5.09765806835294
2026-07-28,2026:Q2,,5.09765806835294
2026-07-29,2026:Q2,,5.09765806835294
2026-07-30,2026:Q2,,
2026-07-01,2026:Q3,0.829509853060606,2.22535209271957
2026-07-02,2026:Q3,0.410193026531891,1.97660531850201
2026-07-03,2026:Q3,0.431201729164266,1.9889794840835
2026-07-06,2026:Q3,0.460029668504536,2.00595905280687
2026-07-07,2026:Q3,0.450818311594481,2.00052420265349
2026-07-08,2026:Q3,1.40371116175413,2.56045769851903
2026-07-09,2026:Q3,1.61937788731292,2.68706337586011
2026-07-10,2026:Q3,1.46558759628093,2.59679082402255
2026-07-13,2026:Q3,1.42531715354057,2.57314530910224
2026-07-14,2026:Q3,0.661792249666826,2.08110081405106
2026-07-15,2026:Q3,0.823310322677551,2.17994664974674
2026-07-16,2026:Q3,0.785546464582643,2.15681355661592
2026-07-17,2026:Q3,0.690015427770474,2.09828196303037
2026-07-20,2026:Q3,0.929890601668171,2.24522038199941
2026-07-21,2026:Q3,0.964462783380582,2.26638911180872
2026-07-22,2026:Q3,1.23067232442062,2.42910843135762
2026-07-23,2026:Q3,1.40426565389762,2.53526093578424
2026-07-24,2026:Q3,1.83135931009146,2.7961912815667
2026-07-27,2026:Q3,1.48366639538164,2.58379591689637
2026-07-28,2026:Q3,0.828975059799286,2.183254844267
2026-07-29,2026:Q3,0.673745584901453,2.08808040078208
2026-07-30,2026:Q3,1.14612986253999,2.43449996586313
2026-07-31,2026:Q3,1.00262324740534,2.35070447311347
2026-08-03,2026:Q3,1.06653560026932,2.38802862574368
2026-08-04,2026:Q3,0.529789917546997,2.0755673883267
2026-08-05,2026:Q3,1.0100736012713,2.35635745308653
2026-08-06,2026:Q3,1.03555703225278,2.37123512177866
2026-08-07,2026:Q3,1.12785034240102,2.42510757680077
2026-08-10,2026:Q3,1.15024482521531,2.43817708636498
2026-08-11,2026:Q3,1.18780214013818,2.46008096564561
2026-08-12,2026:Q3,1.14382972090068,2.32349514419561
2026-08-13,2026:Q3,1.12602181237662,2.31309490166896
2026-08-14,2026:Q3,1.04976635247656,2.26855332876905
2026-08-17,2026:Q3,1.08881029951478,2.29136061764745
2026-08-18,2026:Q3,1.15533822466161,2.33021607554778
2026-08-19,2026:Q3,1.15129065898534,2.32785264724935
2026-08-20,2026:Q3,1.15958042627928,2.33269372246201
2026-08-21,2026:Q3,1.22009973066761,2.36803209948571
2026-08-24,2026:Q3,1.22710850612178,2.37212422441433
2026-08-25,2026:Q3,1.14043425929247,2.32151251457564
2026-08-26,2026:Q3,1.03411236239981,2.35243678499288
2026-08-27,2026:Q3,1.00806515085337,2.3372867452083
2026-08-28,2026:Q3,1.07036928543478,2.37352310103911
2026-08-31,2026:Q3,1.05461894146814,2.36436330644529
2026-09-01,2026:Q3,1.10058806420035,2.3910972961297
2026-09-02,2026:Q3,1.24654689514221,2.47595039792086
2026-09-03,2026:Q3,1.2637495593367,2.48594858499318
